"partnerid","MaxClickPer1Min","MaxClickPer5Min","MaxClickPer3Hr","MaxClickPer6Hr","status"
"8i7uk","7","7","13","20","OK"
"8i7ux","4","5","40","46","OK"
"8i7va","1","1","1","2","OK"
"8i7vb","2","2","3","4","OK"
"8i7vf","2","2","2","2","OK"
"8i7vp","28","94","1531","1661","OK"
"8i7vq","6","14","204","282","OK"
"8i7vz","4","8","57","76","OK"
"8i7w2","3","6","15","27","OK"
"8i7wb","7","10","29","46","OK"
"8i7wi","4","9","116","161","OK"
"8i7wr","4","10","151","265","OK"
"8i7wv","4","5","20","34","OK"
"8i7xd","7","21","111","130","Observation"
"8i7yy","1","1","1","1","OK"
"8i7z7","2","2","14","14","OK"
"8i7zf","1","1","1","1","OK"
"8i7zk","5","7","108","178","OK"
"8i7zl","6","14","210","332","OK"
"8i804","2","2","5","6","OK"
"8i806","3","9","80","126","OK"
"8i80a","5","7","65","94","OK"
"8i80j","1","1","1","1","OK"
"8i81d","2","2","4","5","OK"
"8i81i","1","1","2","2","OK"
"8i828","11","34","635","797","OK"
"8i82g","1","2","2","3","OK"
"8i82r","1","1","2","2","OK"
"8i82x","1","1","2","3","OK"
"8i830","1","1","2","2","OK"
"8i833","2","2","9","14","OK"
"8i83a","1","1","2","2","OK"
"8i83y","1","1","1","1","OK"
"8i84n","1","1","4","4","OK"
"8i84o","1","2","3","4","OK"
"8i84w","1","1","1","1","OK"
"8i85v","2","3","18","27","OK"
"8i86i","1","1","1","1","OK"
"8i88w","2","2","5","8","OK"
"8i89m","2","2","2","2","OK"
"8i8ar","1","2","3","3","OK"
"8i8bx","2","3","8","13","OK"
"8i8cj","1","1","1","1","OK"
"8i8do","1","1","1","1","OK"
"8i8e5","2","5","8","12","OK"
"8i8e7","1","1","1","1","OK"
"8i8ef","1","1","2","4","OK"
"8i8en","1","1","1","1","OK"
"8i8fk","3","3","3","6","OK"
"8i8fm","4","5","33","52","Observation"
"8i8fn","2","2","3","5","OK"
"8i8fq","2","3","11","20","OK"
"8i8ft","2","2","7","10","OK"
"8i8g3","1","1","1","1","OK"
"8i8go","4","7","30","53","Observation"
"8i8gu","1","1","1","1","OK"
"8i8gx","1","1","1","1","OK"
"8i8gz","1","1","1","1","OK"
"8i8h2","1","1","1","1","OK"
"8i8h7","5","7","48","85","Fraud"
"8i8hw","1","2","2","2","OK"
"8i8ih","1","1","1","1","OK"
"8i8is","3","5","23","39","OK"
"8i8iv","2","2","4","6","OK"
"8i8j2","2","2","5","9","OK"
"8i8jl","1","1","1","1","OK"
"8i8k3","1","1","3","3","OK"
"8i8kg","1","1","1","1","OK"
"8i8ku","1","1","2","3","OK"
"8i8le","1","2","4","5","OK"
"8i8lx","1","1","1","1","OK"
"8i8m6","4","6","52","98","OK"
"8i8mq","1","1","1","1","OK"
"8i8mr","1","1","1","1","OK"
"8i8n6","1","2","2","2","OK"
"8i8no","2","4","18","19","OK"
"8i8nq","1","1","1","1","OK"
"8i8nr","4","7","93","146","OK"
"8i8oh","1","1","1","1","OK"
"8i8p1","1","2","6","6","OK"
"8i8pz","1","1","1","1","OK"
"8i8q4","3","3","13","13","OK"
"8i8qk","1","2","3","3","OK"
"8i8qn","1","1","1","1","OK"
"8i8rs","1","1","1","1","OK"
"8i8s9","1","1","1","1","OK"
"8i8t2","1","1","1","1","OK"
"8i8tt","2","3","18","32","Observation"
"8i8tw","1","1","1","2","OK"
"8i8u1","1","1","1","1","OK"
"8i8u7","1","1","1","1","OK"
"8i8u8","2","3","17","23","OK"
"8i8ub","2","2","6","8","OK"
"8i8ui","1","2","2","2","OK"
"8i8wd","1","2","3","3","OK"
"8i8xq","1","3","62","110","OK"
"8i8ye","17","39","440","725","OK"
"8i8yi","2","2","2","4","OK"
"8i8yn","3","3","7","9","OK"
"8i8yu","2","4","7","13","OK"
"8i8z4","3","5","18","28","OK"
"8i8zd","1","1","2","2","OK"
"8i8ze","2","4","12","18","OK"
"8i8zi","2","3","4","5","OK"
"8i903","2","3","12","14","OK"
"8i90i","1","1","1","1","OK"
"8i90k","5","10","157","273","Fraud"
"8i90m","4","9","121","179","OK"
"8i91i","11","39","640","1192","OK"
"8i922","18","61","1229","2114","OK"
"8i92t","13","42","966","1792","OK"
"8i92u","1","1","1","1","OK"
"8i930","3","6","60","90","Observation"
"8i932","1","1","2","2","OK"
"8i936","4","14","95","132","OK"
"8i93o","1","2","6","8","OK"
"8i93q","3","6","51","84","OK"
"8i941","3","4","17","25","OK"
"8i949","5","8","57","76","OK"
"8i94e","1","1","1","1","OK"
"8i94n","1","1","1","1","OK"
"8i94y","2","3","8","11","OK"
"8i95z","2","3","8","14","OK"
"8i969","3","6","46","61","OK"
"8i96u","2","2","8","11","OK"
"8i96x","2","2","3","4","OK"
"8i98h","2","3","3","3","OK"
"8i99h","1","2","6","8","OK"
"8i9a2","1","1","1","1","OK"
"8i9at","1","2","2","3","OK"
"8i9aw","4","5","65","86","OK"
"8i9b4","1","1","2","2","OK"
"8i9bj","2","2","6","6","OK"
"8i9bm","3","6","64","77","OK"
"8i9bs","1","1","2","3","OK"
"8i9bw","2","2","4","4","OK"
"8i9bx","2","2","2","3","OK"
"8i9cn","2","4","9","17","OK"
"8i9co","2","2","4","5","OK"
"8i9cr","2","2","5","6","OK"
"8i9d0","2","2","2","2","OK"
"8i9d1","1","1","1","1","OK"
"8i9d5","2","2","7","11","OK"
"8i9da","4","11","70","80","OK"
"8i9db","1","1","1","1","OK"
"8i9dg","1","1","1","1","OK"
"8i9dp","1","1","1","1","OK"
"8i9dv","2","4","5","7","OK"
"8i9e1","1","1","1","1","OK"
"8i9e9","4","4","15","23","OK"
"8i9ed","1","1","1","1","OK"
"8i9eg","1","1","1","1","OK"
"8i9eq","1","1","1","1","OK"
"8i9f0","1","1","1","1","OK"
"8i9fl","1","1","2","2","OK"
"8i9fv","1","1","1","1","OK"
"8i9g2","2","2","6","7","OK"
"8i9gl","1","1","2","3","OK"
"8i9h8","1","1","1","1","OK"
"8i9hj","1","1","1","1","OK"
"8i9hm","2","3","9","14","OK"
"8i9hn","2","2","3","4","OK"
"8i9ht","4","8","67","112","OK"
"8i9hu","4","15","169","198","OK"
"8i9hw","1","1","2","2","OK"
"8i9hx","5","11","183","347","OK"
"8i9hz","1","1","1","1","OK"
"8i9i1","6","15","266","407","OK"
"8i9i3","12","38","438","803","OK"
"8i9i4","2","3","13","23","OK"
"8i9i5","5","9","114","152","Observation"
"8i9i7","2","3","27","32","OK"
"8i9i9","2","4","29","37","OK"
"8i9ia","4","10","163","277","OK"
"8i9ib","1","2","12","12","OK"
"8i9ic","4","9","85","116","OK"
"8i9id","2","3","21","40","OK"
"8i9ie","3","6","47","54","OK"
"8i9ig","4","9","88","164","OK"
"8i9ih","2","4","21","36","OK"
"8i9ii","5","10","131","248","Observation"
"8i9ij","3","6","60","60","OK"
"8i9ik","4","8","61","90","OK"
"8i9im","3","5","49","95","OK"
"8i9in","6","12","259","412","OK"
"8i9ip","1","1","1","2","OK"
"8i9j4","6","20","363","647","OK"
"8i9j6","24","90","2104","3957","Observation"
"8i9jf","1","1","1","1","OK"
"8i9jg","5","10","181","290","OK"
"8i9ji","2","4","6","6","OK"
"8i9jj","11","35","423","462","OK"
"8i9jr","1","1","1","1","OK"
"8i9kq","2","7","17","28","OK"
"8i9ky","1","1","1","1","OK"
"8i9nd","1","1","1","2","OK"
"8i9ng","1","2","5","6","OK"
"8i9np","5","6","21","25","OK"
"8i9os","1","1","1","1","OK"
"8i9ot","2","4","99","189","OK"
"8i9p1","1","1","2","2","OK"
"8i9p3","1","1","4","4","OK"
"8i9p4","1","2","2","2","OK"
"8i9p7","1","2","6","12","OK"
"8i9p8","1","2","3","4","OK"
"8i9pt","1","1","1","1","OK"
"8i9q6","1","1","2","3","OK"
"8i9ql","7","21","410","684","OK"
"8i9qu","2","3","11","12","OK"
"8i9s9","3","6","25","36","OK"
"8i9sm","1","2","4","4","OK"
"8i9t0","1","1","1","1","OK"
"8i9tt","1","2","6","10","OK"
"8i9u6","1","1","1","2","OK"
"8i9vn","5","12","73","107","OK"
"8i9ws","3","9","91","127","Fraud"
"8i9xb","1","2","11","11","OK"
"8i9z5","2","2","6","11","OK"
"8i9z6","2","2","2","3","OK"
"8i9z7","1","1","1","1","OK"
"8i9zb","2","2","7","7","OK"
"8i9zp","4","8","52","87","OK"
"8i9zy","1","1","2","4","OK"
"8ia0j","2","2","6","6","OK"
"8ia0n","1","1","4","6","OK"
"8ia11","2","2","4","5","OK"
"8ia16","3","4","18","26","OK"
"8ia19","1","1","2","2","OK"
"8ia1e","1","1","2","3","OK"
"8ia25","1","1","2","2","OK"
"8ia51","2","3","5","5","OK"
"8ia54","1","1","1","1","OK"
"8ia62","1","1","1","2","OK"
"8ia6z","1","2","7","9","OK"
"8ia7h","2","2","7","9","OK"
"8ia7p","1","2","8","10","OK"
"8ia7z","1","1","1","2","OK"
"8ia80","6","10","130","246","OK"
"8ia8k","1","1","1","1","OK"
"8ia8u","2","2","12","22","OK"
"8ia99","1","1","2","2","OK"
"8ia9b","2","2","8","10","OK"
"8ia9d","1","1","1","1","OK"
"8ia9m","2","4","21","36","OK"
"8ia9n","1","1","1","1","OK"
"8iaa6","1","1","1","1","OK"
"8iaar","2","2","3","4","OK"
"8iaay","2","3","12","15","OK"
"8iaaz","2","3","7","8","OK"
"8iab9","2","3","18","26","OK"
"8iabd","2","2","8","12","OK"
"8iabk","2","4","4","4","OK"
"8iabp","2","2","8","11","OK"
"8iac5","1","1","1","1","OK"
"8iac6","4","6","30","50","OK"
"8iact","2","4","4","5","OK"
"8iadk","2","3","17","24","OK"
"8iadn","1","1","1","1","OK"
"8iadr","44","129","1230","1845","Observation"
"8iadt","6","14","141","242","OK"
"8iae2","1","1","1","1","OK"
"8iae4","1","1","1","1","OK"
"8iaeq","1","1","1","1","OK"
"8iafg","2","4","10","12","OK"
"8iafi","3","5","30","56","OK"
"8iagk","4","5","13","18","OK"
"8iagn","1","1","1","1","OK"
"8iagp","3","3","3","4","OK"
"8iagv","2","2","5","7","OK"
"8iah0","2","4","4","5","OK"
"8iaim","1","1","1","1","OK"
"8iaj2","3","5","23","42","OK"
"8iajv","1","1","1","1","OK"
"8iak0","3","4","12","18","OK"
"8iaks","1","2","5","5","OK"
"8ial7","1","1","1","1","OK"
"8ialk","2","2","2","2","OK"
"8ialy","5","13","34","50","OK"
"8iam0","1","1","4","5","OK"
"8iam4","1","1","2","2","OK"
"8iamd","15","46","933","1581","Observation"
"8iaml","1","1","2","2","OK"
"8iaob","1","2","2","2","OK"
"8iaps","1","1","1","1","OK"
"8iaqk","1","1","1","1","OK"
"8iaqp","2","2","3","5","OK"
"8iaqy","1","1","2","2","OK"
"8iar6","1","1","2","2","OK"
"8iark","1","2","3","5","OK"
"8iaru","2","4","6","10","OK"
"8iasq","2","2","4","5","OK"
"8iasz","4","9","120","178","Observation"
"8iata","2","5","21","36","OK"
"8iatv","5","8","23","36","OK"
"8iau4","1","2","4","6","OK"
"8iau5","1","2","4","5","OK"
"8iau7","1","2","4","7","OK"
"8iauu","15","39","851","1513","OK"
"8iavq","11","35","342","630","OK"
"8iavx","4","9","41","48","OK"
"8iawe","1","1","1","1","OK"
"8iawh","2","2","4","6","OK"
"8iaxa","1","1","1","1","OK"
"8iaxj","33","121","2539","4706","Fraud"
"8iayy","1","1","1","1","OK"
"8iazm","3","6","51","95","OK"
"8ib0l","3","5","45","75","OK"
"8ib0m","1","1","1","1","OK"
"8ib12","2","2","5","6","OK"
"8ib14","2","3","3","3","OK"
"8ib16","3","5","20","38","OK"
"8ib1i","1","1","1","1","OK"
"8ib1j","1","1","1","1","OK"
"8ib1t","1","1","3","3","OK"
"8ib1v","1","1","1","1","OK"
"8ib1x","1","1","1","1","OK"
"8ib25","1","2","3","4","OK"
"8ib26","1","1","2","3","OK"
"8ib2d","1","1","1","1","OK"
"8ib2w","3","3","4","7","OK"
"8ib34","1","1","1","2","OK"
"8ib46","1","1","1","1","OK"
"8ib4v","1","1","2","2","OK"
"8ib4y","1","2","4","7","OK"
"8ib4z","3","5","44","82","OK"
"8ib56","6","14","210","336","OK"
"8ib5i","9","14","172","248","OK"
"8ib63","1","1","2","2","OK"
"8ib6f","1","2","3","4","OK"
"8ib6i","1","1","2","3","OK"
"8ib6x","3","6","39","52","OK"
"8ib7h","2","2","7","9","OK"
"8ib7i","1","1","1","1","OK"
"8ib9m","1","1","1","1","OK"
"8ib9o","2","3","3","3","OK"
"8ib9v","1","1","1","1","OK"
"8ibah","5","9","131","217","OK"
"8ibam","1","1","1","1","OK"
"8ibay","1","1","1","1","OK"
"8ibbr","2","3","9","10","OK"
"8ibbv","1","1","1","1","OK"
"8ibcb","1","1","1","1","OK"
"8ibcv","2","3","7","9","OK"
"8ibdg","3","3","18","30","OK"
"8ibdl","2","2","3","3","OK"
"8ibdm","16","31","325","519","OK"
"8iber","1","1","1","1","OK"
"8ibf5","1","1","1","1","OK"
"8ibfa","1","1","1","1","OK"
"8ibg2","2","2","3","5","OK"
"8ibg6","1","1","1","1","OK"
"8ibgj","1","1","2","3","OK"
"8ibgo","1","1","2","3","OK"
"8ibgx","1","2","7","10","OK"
"8ibhn","1","1","2","2","OK"
"8ibid","1","1","2","2","OK"
"8ibiw","2","2","4","5","OK"
"8ibjf","3","4","37","58","OK"
"8ibjo","2","4","14","26","OK"
"8ibke","1","1","1","1","OK"
"8ibkr","6","18","92","145","Fraud"
"8ibl1","1","1","1","1","OK"
"8ibmd","1","1","1","1","OK"
"8ibmq","1","1","1","1","OK"
"8ibmx","1","1","2","2","OK"
"8ibn2","1","1","1","1","OK"
"8ibnz","2","2","2","2","OK"
"8ibo7","1","1","1","1","OK"
"8ibop","1","1","2","3","OK"
"8ibp0","3","3","13","17","OK"
"8ibp7","1","1","1","1","OK"
"8ibp9","3","5","6","6","OK"
"8ibpi","1","1","1","1","OK"
"8ibr7","1","1","1","1","OK"
"8ibt9","1","2","4","7","OK"
"8ibtd","1","1","1","1","OK"
"8ibub","1","1","1","1","OK"
"8ibug","3","7","24","26","OK"
"8ibum","3","4","13","17","OK"
"8ibup","4","6","50","78","OK"
"8ibv4","7","15","281","456","OK"
"8ibw8","5","11","105","143","OK"
"8ibxb","2","3","11","20","OK"
"8ic07","2","3","8","10","OK"
"8ic0m","4","7","105","184","OK"
"8ic0y","2","2","7","12","OK"
"8ic1s","1","1","3","3","OK"
"8ic1t","3","3","14","18","OK"
"8ic1x","1","1","1","1","OK"
"8ic26","5","12","73","133","OK"
"8ic2e","1","2","2","2","OK"
"8ic2q","1","1","2","2","OK"
"8ic3a","1","2","2","4","OK"
"8ic3g","1","1","1","1","OK"
"8ic3o","2","2","9","14","OK"
"8ic3r","1","1","1","1","OK"
"8ic3w","1","1","1","1","OK"
"8ic46","2","2","5","5","OK"
"8ic4i","2","3","4","6","OK"
"8ic4v","5","10","75","128","OK"
"8ic50","1","1","1","1","OK"
"8ic51","1","1","2","3","OK"
"8ic55","1","1","1","1","OK"
"8ic56","11","26","270","416","OK"
"8ic59","1","1","1","1","OK"
"8ic5b","1","1","2","2","OK"
"8ic6b","2","4","7","12","OK"
"8ic6d","1","1","2","2","OK"
"8ic6r","1","1","1","1","OK"
"8ic78","1","1","1","1","OK"
"8ic7z","1","1","1","1","OK"
"8ic8g","1","1","1","2","OK"
"8ic9a","1","2","2","2","OK"
"8ic9l","2","2","4","4","OK"
"8ic9r","1","1","1","1","OK"
"8ica0","6","6","9","9","OK"
"8icam","1","1","2","4","OK"
"8icaw","1","3","5","7","OK"
"8icb3","1","1","2","2","OK"
"8icb9","1","1","1","1","OK"
"8icbb","2","3","5","7","OK"
"8iccd","2","3","13","25","OK"
"8iccn","2","3","12","18","OK"
"8icdb","2","4","31","48","OK"
"8icdj","1","1","1","1","OK"
"8ice8","4","7","82","145","OK"
"8icee","2","4","4","6","OK"
"8icef","2","2","7","9","OK"
"8icfc","1","1","1","1","OK"
"8icfe","18","65","840","1182","Observation"
"8icff","6","17","194","207","Observation"
"8icfm","1","1","1","1","OK"
"8icgh","1","1","1","2","OK"
"8ich8","1","1","1","2","OK"
"8ichd","4","7","39","49","OK"
"8ichj","1","1","4","4","OK"
"8ichk","4","7","43","76","OK"
"8ichs","1","1","1","1","OK"
"8ichw","1","1","2","3","OK"
"8icia","3","5","30","41","OK"
"8icim","1","1","4","5","OK"
"8icin","8","20","267","439","OK"
"8icix","1","1","1","1","OK"
"8icoz","1","1","2","2","OK"
"8icp7","3","5","30","51","OK"
"8icq7","2","3","6","9","OK"
"8ictc","1","1","3","4","OK"
"8ictf","1","1","1","1","OK"
"8ictz","3","4","19","31","OK"
"8icu9","2","3","6","8","OK"
"8icuy","2","3","14","26","OK"
"8icv3","1","1","1","1","OK"
"8icvc","4","8","12","12","OK"
"8icwe","1","1","2","2","OK"
"8icx6","1","1","1","1","OK"
"8icxc","1","1","3","3","OK"
"8icxd","1","1","1","1","OK"
"8icxf","2","3","4","5","OK"
"8icxl","2","2","7","9","OK"
"8icyy","1","1","2","2","OK"
"8icz2","3","9","22","40","OK"
"8iczh","3","7","53","84","Fraud"
"8id02","5","15","165","260","OK"
"8id03","5","6","29","49","OK"
"8id0y","1","1","2","3","OK"
"8id0z","2","2","6","7","OK"
"8id1a","2","2","3","3","OK"
"8id2f","1","1","1","1","OK"
"8id2s","1","2","2","2","OK"
"8id2w","1","2","2","3","OK"
"8id2z","1","2","5","6","OK"
"8id56","1","1","1","1","OK"
"8id57","4","6","48","69","OK"
"8id5b","1","2","2","2","OK"
"8id5p","3","7","48","79","Fraud"
"8id6y","4","8","84","152","OK"
"8id6z","2","2","7","8","OK"
"8id7o","2","5","12","22","OK"
"8id7z","1","1","1","1","OK"
"8id89","1","1","2","2","OK"
"8id8z","1","1","1","1","OK"
"8id9y","2","2","5","6","OK"
"8ida1","6","13","141","220","OK"
"8idam","1","1","1","1","OK"
"8idbx","1","2","8","12","OK"
"8idc4","1","1","2","3","OK"
"8iddj","2","4","9","11","OK"
"8iddv","1","1","1","1","OK"
"8iddw","1","2","3","4","OK"
"8ide1","1","2","2","3","OK"
"8ide5","1","1","1","1","OK"
"8idem","1","1","2","2","OK"
"8idf6","1","1","1","1","OK"
"8idfl","1","2","2","2","OK"
"8idg8","2","2","2","2","OK"
"8idgb","1","1","1","1","OK"
"8idh3","1","1","1","1","OK"
"8idhm","4","8","47","77","Fraud"
"8idhn","2","2","4","6","OK"
"8idhp","2","4","11","19","OK"
"8idhs","1","1","2","2","OK"
"8idht","1","1","1","1","OK"
"8idhw","2","2","2","2","OK"
"8idi0","1","1","1","1","OK"
"8idi1","2","2","4","4","OK"
"8idi4","1","1","1","1","OK"
"8idi5","1","1","3","4","OK"
"8idi7","2","2","5","7","OK"
"8idib","1","1","1","1","OK"
"8idit","3","4","41","61","Fraud"
"8idmr","1","1","2","3","OK"
"8idn9","2","2","2","2","OK"
"8idnv","1","1","1","1","OK"
"8idny","1","1","1","1","OK"
"8ido2","2","4","13","18","OK"
"8idoa","3","3","5","6","OK"
"8idob","2","2","2","2","OK"
"8idoc","2","2","2","2","OK"
"8idou","2","2","3","4","OK"
"8idp1","2","2","2","2","OK"
"8idp3","1","1","1","1","OK"
"8ie57","1","1","1","1","OK"
"8ie5k","2","2","2","2","OK"
"8ie7p","1","1","1","2","OK"
"8ie82","2","2","2","2","OK"
"8ie98","2","4","7","7","OK"
"8ie9s","1","1","1","2","OK"
"8iea1","2","2","2","3","OK"
"8ieaq","2","2","5","6","OK"
"8ieaz","4","4","13","19","OK"
"8ieb4","1","2","2","2","OK"
"8iebt","1","1","1","1","OK"
"8iebx","1","1","3","4","OK"
"8ief6","1","1","3","5","OK"
"8iefb","3","4","23","33","OK"
"8iefl","3","6","40","64","OK"
"8iefo","1","1","1","1","OK"
"8iefs","1","1","1","1","OK"
"8ieg2","2","2","9","11","OK"
"8iegi","1","1","1","1","OK"
"8ieh3","1","1","3","4","OK"
"8iehk","1","2","4","5","OK"
"8ieht","28","113","2501","4237","Observation"
"8iejt","1","1","1","1","OK"
"8iel9","3","5","37","57","OK"
"8ielc","1","1","2","4","OK"
"8iem5","3","9","89","111","Fraud"
"8iemj","1","1","1","1","OK"
"8ien9","1","1","4","7","OK"
"8ieo7","1","1","2","2","OK"
"8ieol","1","1","2","3","OK"
"8ieqn","1","1","2","3","OK"
"8iequ","1","1","1","1","OK"
"8ies6","2","3","3","4","OK"
"8ies8","3","4","20","34","OK"
"8ieso","1","1","1","1","OK"
"8iet9","16","50","893","1407","OK"
"8ietw","1","1","2","3","OK"
"8ieuh","1","1","1","1","OK"
"8iev9","1","1","1","1","OK"
"8ievj","1","2","12","12","OK"
"8ievt","3","3","4","5","OK"
"8ievz","5","15","82","136","Fraud"
"8iex1","7","7","19","19","OK"
"8iex9","6","12","199","332","OK"
"8iexi","1","1","3","4","OK"
"8iext","1","1","3","4","OK"
"8if13","4","9","13","13","OK"
"8if2b","1","1","2","2","OK"
"8if3m","2","3","5","6","OK"
"8if4w","1","1","1","1","OK"
"8if5c","1","1","1","1","OK"
"8if5p","2","3","25","25","OK"
"8if6n","1","1","1","1","OK"
"8if7b","1","1","1","1","OK"
"8if9o","18","61","792","1089","Fraud"
"8ifa1","37","150","3273","5159","Observation"
"8ifan","2","2","7","9","OK"
"8ifcw","5","8","61","110","Fraud"
"8ifem","1","1","1","1","OK"
"8iff5","2","2","4","4","OK"
"8iff6","1","1","1","1","OK"
"8iffk","3","5","26","39","OK"
"8ifg0","1","1","1","1","OK"
"8ifg9","1","1","3","3","OK"
"8ifgn","1","2","3","3","OK"
"8ifik","2","4","15","21","OK"
"8ifm5","1","1","1","1","OK"
"8ifma","3","4","16","23","OK"
"8ifmk","1","1","1","1","OK"
"8ifna","1","1","1","2","OK"
"8ifnd","1","1","1","1","OK"
"8ifog","3","7","13","19","OK"
"8ifov","1","2","5","7","OK"
"8ifqc","2","3","10","15","OK"
"8ifqi","7","17","188","314","Fraud"
"8ifqk","7","11","26","37","OK"
"8ifvn","1","1","1","1","OK"
"8ifwd","1","1","2","2","OK"
"8ifzw","1","1","2","2","OK"
"8ig0z","1","1","1","1","OK"
"8ig13","2","4","15","18","OK"
"8ig4x","1","1","2","2","OK"
"8ig5c","1","1","1","2","OK"
"8ig76","3","4","16","29","OK"
"8ig8i","3","4","6","11","OK"
"8igb7","1","1","6","8","OK"
"8igbs","1","1","3","4","OK"
"8igbt","1","1","3","4","OK"
"8igbu","1","2","3","4","OK"
"8igc1","3","4","6","6","OK"
"8igcb","1","2","3","3","OK"
"8igdb","1","1","1","2","OK"
"8igdp","1","1","1","1","OK"
"8igem","2","3","4","4","OK"
"8igew","1","1","1","2","OK"
"8igfs","2","2","10","10","OK"
"8igh8","1","1","2","3","OK"
"8igih","1","1","1","2","OK"
"8igj2","2","2","6","9","OK"
"8igji","1","3","7","7","OK"
"8igkk","1","1","1","1","OK"
"8igkp","1","1","5","5","OK"
"8igl1","3","4","6","9","OK"
"8igl7","2","2","2","2","OK"
"8iglk","3","6","10","10","OK"
"8igm1","1","1","1","1","OK"
"8igm8","3","4","8","8","OK"
"8igmr","2","2","6","7","OK"
"8ign1","1","1","1","1","OK"
"8ignc","1","2","2","2","OK"
"8igne","1","1","1","2","OK"
"8igo3","2","2","4","4","OK"
"8igo7","3","3","20","38","OK"
"8igox","1","2","3","4","OK"
"8igpd","3","3","4","4","OK"
"8igpr","1","1","1","2","OK"
"8igql","2","4","6","8","OK"
"8igqx","1","1","2","2","OK"
"8igr1","1","1","1","1","OK"
"8igsh","1","1","1","1","OK"
"8igsi","1","1","3","3","OK"
"8igts","1","1","1","2","OK"
"8igv1","2","2","9","9","OK"
"8igvd","1","2","2","2","OK"
"8igy3","2","2","4","4","OK"
"8igyy","6","10","132","249","Observation"
"8igz8","3","3","4","4","OK"
"8igzo","1","1","1","2","OK"
"8igzs","1","1","1","2","OK"
"8igzy","1","1","1","2","OK"
"8igzz","1","1","1","1","OK"
"8ih09","3","7","73","81","Fraud"
"8ih1h","2","2","5","5","OK"
"8ih1j","1","1","1","1","OK"
"8ih20","1","1","4","6","OK"
"8ih2n","2","4","10","17","OK"
"8ih3o","1","2","2","2","OK"
"8ih4k","1","2","3","3","OK"
"8ih6i","1","1","1","1","OK"
"8iha2","5","8","105","169","Observation"
"8ihab","1","1","3","3","OK"
"8ihac","1","1","1","1","OK"
"8ihaj","1","2","3","4","OK"
"8ihba","4","7","121","154","Observation"
"8ihbr","1","1","1","1","OK"
"8ihbx","10","25","468","757","OK"
"8ihc4","5","16","106","170","OK"
"8ihcj","1","1","1","1","OK"
"8ihck","1","1","4","6","OK"
"8ihcm","1","2","2","2","OK"
"8ihct","1","1","1","1","OK"
"8ihcu","1","1","2","4","OK"
"8ihd5","1","1","2","3","OK"
"8ihdv","2","3","7","8","OK"
"8ihe5","4","7","59","72","OK"
"8ihhk","1","1","1","1","OK"
"8ihij","1","1","2","2","OK"
"8ihik","2","4","15","18","OK"
"8ihk7","7","19","362","573","Observation"
"8ihkj","1","1","1","1","OK"
"8ihkt","2","3","26","35","OK"
"8ihl1","1","1","1","1","Fraud"
"8ihl9","2","4","38","54","OK"
"8ihlr","2","4","5","8","OK"
"8ihn7","1","2","8","10","OK"
"8ihna","3","4","16","26","OK"
"8ihnk","1","2","4","4","OK"
"8ihot","1","1","2","2","OK"
"8ihpi","190","842","12979","20936","OK"
"8ihqx","2","4","18","26","OK"
"8ihrz","1","2","6","7","OK"
"8ihs5","1","1","4","6","OK"
"8ihsd","4","10","17","22","OK"
"8ihsp","3","3","7","12","OK"
"8ihth","1","3","4","7","OK"
"8ihtk","1","1","1","1","OK"
"8ihtv","3","6","12","14","OK"
"8ihue","1","1","2","2","OK"
"8ihuk","1","1","2","2","OK"
"8ihup","4","5","33","49","OK"
"8ihuv","1","1","1","1","OK"
"8ihuy","1","1","2","2","OK"
"8ihv1","4","4","11","15","OK"
"8ihvb","1","1","1","1","OK"
"8ihwi","1","1","1","1","OK"
"8ihwm","1","2","2","2","OK"
"8ihxc","1","1","1","1","OK"
"8ihxl","1","1","1","1","OK"
"8ihxp","1","1","1","1","OK"
"8ihxy","1","1","1","1","OK"
"8ihy6","1","1","1","1","OK"
"8ihyb","1","1","2","2","OK"
"8ihyi","1","1","1","1","OK"
"8ihz5","1","1","3","3","OK"
"8ihzv","1","1","1","1","OK"
"8ihzw","1","1","2","3","OK"
"8ihzy","4","8","103","112","OK"
"8ii07","1","2","4","4","OK"
"8ii0g","3","6","19","34","OK"
"8ii0i","3","4","12","24","OK"
"8ii0k","9","22","24","24","OK"
"8ii11","5","14","50","87","OK"
"8ii14","2","3","4","6","OK"
"8ii1p","1","1","2","2","OK"
"8ii1r","3","6","47","66","OK"
"8ii26","3","5","56","86","OK"
"8ii2b","5","12","69","118","OK"
"8ii2l","1","1","2","2","OK"
"8ii2n","1","1","1","1","OK"
"8ii3a","3","6","26","40","OK"
"8ii4l","2","2","3","3","OK"
"8ii4n","1","1","1","1","OK"
"8ii4y","1","1","1","1","OK"
"8ii58","2","4","8","13","OK"
"8ii5a","1","3","5","6","OK"
"8ii5u","1","1","1","1","OK"
"8ii6o","2","2","2","4","OK"
"8ii7u","2","9","81","81","OK"
"8ii9a","3","3","34","49","OK"
"8iiai","1","1","1","1","OK"
"8iiby","1","1","1","2","OK"
"8iic8","2","2","2","2","OK"
"8iicn","1","1","1","1","OK"
"8iid3","4","8","101","128","OK"
"8iid4","25","81","1079","1474","Fraud"
"8iidh","3","4","6","7","OK"
"8iidk","23","45","246","270","OK"
"8iidm","6","14","175","313","OK"
"8iidn","31","54","418","494","OK"
"8iidr","27","53","439","509","OK"
"8iie9","1","1","4","4","OK"
"8iieo","1","1","1","1","OK"
"8iig5","19","42","138","224","OK"
"8iigf","2","2","2","2","OK"
"8iigk","1","1","1","1","OK"
"8iigl","31","42","266","312","OK"
"8iigz","1","2","7","9","OK"
"8iih9","5","6","55","71","OK"
"8iiii","1","1","1","1","OK"
"8iiiv","1","1","1","2","OK"
"8iij1","1","1","1","1","OK"
"8iijd","1","2","2","2","OK"
"8iijk","2","5","16","28","OK"
"8iijt","12","20","130","219","OK"
"8iik1","7","19","213","394","OK"
"8iilm","1","1","1","1","OK"
"8iim7","1","1","1","1","OK"
"8iimi","1","1","1","1","OK"
"8iina","6","9","117","202","OK"
"8iinm","1","1","1","1","OK"
"8iiov","1","2","2","3","OK"
"8iiq8","1","1","3","3","OK"
"8iiqq","1","1","1","1","OK"
"8iir0","2","6","25","25","OK"
"8iird","1","2","6","9","OK"
"8iitn","1","1","1","1","OK"
"8iitu","3","4","40","50","OK"
"8iitv","3","6","10","11","OK"
"8iivd","3","6","33","57","OK"
"8iivr","2","3","18","23","OK"
"8iiwo","1","1","2","2","OK"
"8iix3","1","1","1","1","OK"
"8iixo","2","2","5","7","OK"
"8iixv","1","2","9","9","OK"
"8iixy","1","1","2","2","OK"
"8iixz","2","2","2","2","OK"
"8iiy4","3","7","55","73","OK"
"8iiyk","2","5","7","9","OK"
"8ij00","1","1","1","1","OK"
"8ij02","2","3","6","7","OK"
"8ij0g","15","48","830","1305","OK"
"8ij0y","3","10","38","40","OK"
"8ij1v","1","1","1","1","OK"
"8ij22","2","3","4","7","OK"
"8ij28","1","1","1","1","OK"
"8ij2q","4","4","17","27","OK"
"8ij2z","2","2","14","18","OK"
"8ij34","1","1","1","1","OK"
"8ij3p","1","1","1","1","OK"
"8ij42","4","6","68","95","OK"
"8ij4e","2","2","2","2","OK"
"8ij4s","1","1","1","1","OK"
"8ij4w","1","1","2","2","OK"
"8ij4y","3","5","25","38","OK"
"8ij4z","1","1","2","2","OK"
"8ij59","5","8","97","171","OK"
"8ij5w","9","12","48","58","OK"
"8ij62","1","1","1","1","OK"
"8ij63","2","3","5","6","OK"
"8ij6x","1","1","3","4","OK"
"8ij77","1","1","1","1","OK"
"8ij7g","1","1","1","1","OK"
"8ij8t","1","2","3","3","OK"
"8ij92","7","15","72","101","OK"
"8ij9m","3","5","46","62","OK"
"8ijat","2","2","5","7","OK"
"8ijb4","1","1","4","5","OK"
"8ijb7","1","2","5","7","OK"
"8ijb8","9","26","516","940","OK"
"8ijba","10","24","533","927","OK"
"8ijbf","9","24","374","494","OK"
"8ijcm","4","6","24","30","OK"
"8ijd3","2","2","4","5","OK"
"8ijdf","1","1","1","1","OK"
"8ije6","1","1","1","2","OK"
"8ijed","1","1","1","1","OK"
"8ijei","2","2","4","5","OK"
"8ijeq","1","1","2","2","OK"
"8ijf6","1","1","2","2","OK"
"8ijfb","3","5","16","26","OK"
"8ijfd","3","6","42","46","OK"
"8ijfl","1","1","1","1","OK"
"8ijgn","1","1","1","1","OK"
"8ijj1","1","1","1","1","OK"
"8ijjb","1","1","3","4","OK"
"8ijlc","1","1","1","1","OK"
"8ijmb","1","1","1","1","OK"
"8ijod","2","4","8","12","OK"
"8ijq9","1","1","3","4","OK"
"8ijql","2","4","11","21","Observation"
"8ijqm","1","1","1","1","OK"
"8ijqn","1","1","1","1","OK"
"8ijqw","2","2","3","3","OK"
"8ijro","2","3","9","18","OK"
"8ijs4","1","1","1","1","OK"
"8ijsn","1","2","2","2","OK"
"8ijsu","1","1","2","2","OK"
"8ijtd","1","1","2","2","OK"
"8ijub","1","2","4","5","OK"
"8ijva","1","1","2","3","OK"
"8ijw3","2","3","6","7","OK"
"8ijwf","1","1","1","2","OK"
"8ijx4","2","2","2","2","OK"
"8ijy9","2","2","4","6","OK"
"8ijyd","4","5","37","47","OK"
"8ijzd","7","11","168","230","Observation"
"8ijze","3","3","16","31","OK"
"8ijzf","1","1","2","3","OK"
"8ijzi","6","18","202","237","OK"
"8ijzj","3","6","73","126","Fraud"
"8ijzx","10","31","637","866","OK"
"8ik0f","1","1","2","3","OK"
"8ik0g","1","1","1","1","OK"
"8ik0y","6","7","13","13","OK"
"8ik15","1","1","1","1","OK"
"8ik16","1","1","2","2","OK"
"8ik1o","1","1","1","1","OK"
"8ik1t","1","1","2","2","OK"
"8ik2b","3","3","8","10","OK"
"8ik2u","1","2","5","6","OK"
"8ik4w","1","2","3","4","OK"
"8ik58","11","38","781","1347","OK"
"8ik59","2","4","8","10","OK"
"8ik67","1","1","1","1","OK"
"8ik6c","1","1","3","3","OK"
"8ik6x","1","1","1","1","OK"
"8ik7d","2","4","15","23","OK"
"8ik7m","1","1","1","1","OK"
"8ik7q","1","1","1","1","OK"
"8ik9c","2","2","2","3","OK"
"8ik9l","1","1","1","2","OK"
"8ik9s","1","1","2","3","OK"
"8ik9t","2","5","27","51","OK"
"8ika3","1","1","3","5","OK"
"8ikah","5","13","133","161","OK"
"8ikap","1","1","1","1","OK"
"8ikaq","1","1","1","2","OK"
"8ikb5","3","5","9","14","OK"
"8ikba","1","2","6","6","OK"
"8ikc8","1","1","1","1","OK"
"8ikdj","2","2","8","10","OK"
"8ikdw","1","2","10","17","OK"
"8ike2","1","1","4","5","OK"
"8ikf1","1","2","5","5","OK"
"8ikfo","10","10","16","16","OK"
"8ikg6","1","2","3","4","OK"
"8ikg9","1","1","1","2","OK"
"8iki8","1","1","1","1","OK"
"8ikip","3","5","46","69","OK"
"8ikjp","2","2","4","4","OK"
"8iklg","1","1","1","1","OK"
"8ikm9","4","5","23","38","OK"
"8ikme","4","5","8","12","OK"
"8ikmz","1","1","2","2","OK"
"8ikn6","2","4","14","23","OK"
"8ikna","6","9","17","17","OK"
"8ikou","2","4","20","28","OK"
"8ikpq","4","4","22","44","Observation"
"8ikr4","3","7","55","87","OK"
"8iks0","1","2","5","6","OK"
"8ikt9","25","97","1150","1150","Fraud"
"8ikuf","1","1","1","1","OK"
"8ikvr","3","3","14","20","OK"
"8ikyc","1","1","1","1","OK"
"8ikzq","4","7","56","92","OK"
"8il0o","13","42","846","1470","Fraud"
"8il17","1","1","1","2","OK"
"8il1w","6","13","140","226","OK"
"8il22","1","2","6","11","OK"
"8il2j","1","2","4","4","OK"
"8il2x","4","6","59","110","OK"
"8il3g","4","5","26","51","OK"
"8il3o","1","1","2","2","OK"
"8il3v","4","6","25","36","OK"
"8il4c","2","4","6","9","OK"
"8il4n","3","4","38","67","OK"
"8il4r","1","2","3","3","OK"
"8il6b","4","8","29","29","OK"
"8il79","2","3","7","9","OK"
"8il7m","1","1","1","1","OK"
"8il8k","2","2","3","3","OK"
"8ilbu","2","3","12","17","OK"
"8ilbx","158","667","9338","9390","OK"
"8ilc9","1","1","1","1","OK"
"8ildb","1","1","3","4","OK"
"8ildi","9","32","473","781","OK"
"8ildn","1","1","2","3","OK"
"8ilee","1","1","1","1","OK"
"8ilel","1","2","5","5","OK"
"8ilf9","2","3","15","23","OK"
"8ilff","1","4","10","10","OK"
"8ilfu","4","7","75","109","OK"
"8ilh8","1","1","1","1","OK"
"8ili5","2","3","7","11","OK"
"8iljx","8","25","378","558","OK"
"8iljy","2","3","15","18","OK"
"8ill4","2","2","2","2","OK"
"8ilm3","1","1","1","1","OK"
"8ilm4","1","2","5","7","OK"
"8ilma","1","1","1","1","OK"
"8ilmh","2","2","2","2","OK"
"8ilnq","1","1","1","1","OK"
"8ilnu","2","2","5","9","OK"
"8iloh","1","1","3","3","OK"
"8ilok","11","25","365","432","Observation"
"8ilp2","1","1","2","3","OK"
"8ilqt","6","16","274","410","OK"
"8ils4","1","1","1","1","OK"
"8ils9","8","20","216","396","Observation"
"8ilu4","1","1","1","1","OK"
"8iluh","1","2","2","2","OK"
"8iluo","1","1","1","2","OK"
"8iluy","4","10","113","153","Observation"
"8ilyg","1","1","3","3","OK"
"8ilzp","3","3","20","27","OK"
"8ilzu","1","1","1","1","OK"
"8im0u","5","8","60","91","OK"
"8im11","1","1","1","1","OK"
"8im12","1","1","1","1","OK"
"8im1a","1","1","1","1","OK"
"8im1j","1","1","1","1","OK"
"8im29","1","1","2","2","OK"
"8im41","2","3","14","21","OK"
"8im4f","3","11","128","149","OK"
"8im4k","1","1","2","2","OK"
"8im4l","1","1","2","2","OK"
"8im50","1","1","1","1","OK"
"8im59","8","17","325","478","OK"
"8im6c","1","3","6","6","OK"
"8im6t","9","21","328","491","OK"
"8im78","2","3","13","20","OK"
"8im90","1","1","1","1","OK"
"8im9a","8","20","343","531","OK"
"8imbb","1","1","1","1","OK"
"8imcs","3","10","127","147","OK"
"8imd2","44","171","5174","9804","OK"
"8imdp","1","1","1","1","OK"
"8imdt","1","1","5","7","OK"
"8ime3","2","4","15","22","OK"
"8ime7","2","3","19","24","OK"
"8imef","3","3","3","4","OK"
"8imfu","1","1","1","1","OK"
"8img5","1","1","1","1","OK"
"8imgt","7","18","292","559","OK"
"8imh7","1","1","2","2","OK"
"8imho","1","1","2","2","OK"
"8imhp","1","1","1","1","OK"
"8imhz","1","1","3","5","OK"
"8imi0","2","2","2","2","OK"
"8imib","3","3","5","6","OK"
"8imik","1","1","1","1","OK"
"8imk8","10","26","355","356","Observation"
"8imkc","2","5","33","51","Observation"
"8imkd","2","5","26","35","OK"
"8imko","1","1","2","2","OK"
"8immj","19","67","1655","2787","OK"
"8immk","2","2","14","19","OK"
"8immq","1","1","1","1","OK"
"8immu","1","1","2","2","OK"
"8imna","2","3","22","24","OK"
"8imob","4","9","76","120","OK"
"8impo","2","3","16","17","OK"
"8imqe","4","9","118","195","OK"
"8imqn","1","1","1","1","OK"
"8imrg","3","4","4","4","OK"
"8imrr","3","6","19","37","OK"
"8ims6","4","7","54","84","Fraud"
"8imt7","1","1","1","1","OK"
"8imtk","1","1","2","3","OK"
"8imtz","1","1","1","1","OK"
"8imu3","1","1","4","7","OK"
"8imv2","3","5","14","23","OK"
"8imvn","11","30","565","855","OK"
"8imvu","1","1","2","2","OK"
"8imw6","1","1","2","3","OK"
"8imwm","2","2","9","16","OK"
"8imwn","2","3","5","8","OK"
"8imwx","7","17","222","376","OK"
"8imxk","1","1","1","1","OK"
"8imxz","2","2","3","3","OK"
"8imy8","1","1","1","1","OK"
"8imyq","1","1","1","1","OK"
"8imyz","2","2","3","3","OK"
"8imz2","1","2","4","6","OK"
"8imza","1","2","5","5","OK"
"8imzd","8","32","299","420","OK"
"8imze","3","4","13","20","OK"
"8imzr","2","3","28","43","OK"
"8imzv","2","3","14","26","OK"
"8in00","1","1","1","1","OK"
"8in07","2","3","5","5","OK"
"8in0d","15","44","715","1133","OK"
"8in0q","1","1","1","1","OK"
"8in1c","1","2","4","5","OK"
"8in1d","8","8","11","19","OK"
"8in1s","11","41","693","1107","OK"
"8in1t","5","12","171","327","OK"
"8in1y","1","1","1","1","OK"
"8in20","1","1","1","1","OK"
"8in2d","1","1","3","4","OK"
"8in2g","1","1","1","1","OK"
"8in34","2","2","3","4","OK"
"8in35","4","5","12","15","OK"
"8in36","1","1","1","1","OK"
"8in3c","8","24","197","241","OK"
"8in41","1","1","1","1","OK"
"8in43","1","1","1","1","OK"
"8in49","1","1","3","3","OK"
"8in4e","1","1","1","1","OK"
"8in66","2","2","6","10","OK"
"8in69","30","121","3144","5894","OK"
"8in6a","160","519","2327","4561","OK"
"8in7f","2","4","32","42","OK"
"8in80","1","1","2","2","OK"
"8in8e","3","6","49","83","Fraud"
"8in8l","1","1","2","3","OK"
"8in8z","1","1","5","6","OK"
"8in9f","1","1","1","1","OK"
"8in9m","1","1","5","5","OK"
"8ina8","1","1","1","1","OK"
"8inag","3","3","3","4","OK"
"8inat","1","2","2","2","OK"
"8inay","41","113","1669","2870","OK"
"8inbg","1","1","1","1","OK"
"8inca","1","1","1","1","OK"
"8incg","1","1","1","2","OK"
"8inch","1","1","1","1","OK"
"8inck","2","5","26","37","OK"
"8ind9","1","1","1","1","OK"
"8indc","2","2","9","12","OK"
"8inei","3","4","30","45","OK"
"8inf7","3","3","7","11","OK"
"8ingg","2","3","6","7","OK"
"8ings","2","5","18","29","OK"
"8inhr","7","14","196","289","OK"
"8ini4","2","4","9","9","OK"
"8ini5","1","1","1","1","OK"
"8inig","2","3","9","11","OK"
"8inil","2","2","8","11","OK"
"8injc","2","2","4","7","OK"
"8injo","3","3","3","3","OK"
"8inkd","2","2","3","4","OK"
"8inld","1","1","1","1","OK"
"8inn7","4","7","69","98","OK"
"8ino6","6","15","181","334","OK"
"8inp3","1","3","4","4","OK"
"8inrc","3","4","5","7","OK"
"8ins1","2","5","20","36","OK"
"8insm","1","2","4","5","OK"
"8insr","2","2","2","2","OK"
"8intf","2","3","7","11","OK"
"8inu8","2","2","3","3","OK"
"8inum","5","5","36","53","OK"
"8invg","1","1","1","1","OK"
"8inwd","2","3","18","27","OK"
"8inwo","4","9","26","38","OK"
"8inwq","2","2","12","12","OK"
"8inwx","1","1","2","2","OK"
"8inz6","2","2","7","8","OK"
"8inz8","3","5","23","42","OK"
"8io28","1","2","7","9","OK"
"8io3k","1","2","2","2","OK"
"8io3v","2","2","2","2","OK"
"8io4k","1","1","1","1","OK"
"8io4t","1","1","2","2","OK"
"8io5j","5","12","121","181","OK"
"8io5s","6","15","221","310","OK"
"8io79","1","1","1","1","OK"
"8io7a","1","2","2","2","OK"
"8io8s","3","4","15","18","OK"
"8io95","2","3","9","11","OK"
"8io9t","1","1","2","3","OK"
"8ioac","1","1","4","8","OK"
"8ioad","3","5","60","94","Observation"
"8ioaf","2","4","34","56","OK"
"8iob1","3","5","11","12","OK"
"8ioby","1","2","3","4","OK"
"8iofb","2","2","3","3","OK"
"8iohm","1","1","1","1","OK"
"8ioj0","1","1","1","1","OK"
"8iok5","1","1","1","1","OK"
"8iokr","1","1","1","1","OK"
"8ioml","1","1","1","1","OK"
"8iomw","1","1","1","1","OK"
"8ionb","1","1","1","1","OK"
"8ionh","1","1","1","1","OK"
"8ionj","1","1","2","2","OK"
"8ioo5","1","2","3","3","OK"
"8ioo7","1","1","2","2","OK"
"8ioov","1","1","1","1","OK"
"8ioqe","4","8","74","104","OK"
"8ior0","1","1","2","2","OK"
"8iory","1","1","1","1","OK"
"8iosv","7","19","236","349","OK"
"8iot1","4","6","54","92","OK"
"8iott","1","1","1","1","OK"
"8iou1","1","1","2","3","OK"
"8iou5","1","1","2","2","OK"
"8iou8","2","4","16","31","OK"
"8ioui","1","1","2","2","OK"
"8ioul","1","1","2","2","OK"
"8iow5","1","2","7","7","OK"
"8iowu","2","5","8","13","OK"
"8ioyh","1","1","1","1","OK"
"8ioyz","1","1","1","1","OK"
"8iozi","2","2","6","6","OK"
"8ip10","2","2","2","2","OK"
"8ip1i","1","1","1","1","OK"
"8ip1v","4","6","112","173","OK"
"8ip45","43","117","736","1448","OK"
"8ip46","1","1","2","3","OK"
"8ip4d","28","92","1377","2217","OK"
"8ip5p","5","13","186","267","OK"
"8ip5q","3","7","31","52","OK"
"8ip65","1","1","1","1","OK"
"8ip71","5","9","95","158","Observation"
"8ip85","1","1","1","1","OK"
"8ip8o","1","1","2","2","OK"
"8ipat","1","2","2","2","OK"
"8ipcr","1","1","2","3","OK"
"8ipdk","1","1","2","2","OK"
"8ipdp","1","1","2","3","OK"
"8ipdr","1","1","2","2","OK"
"8ipeq","1","1","3","3","OK"
"8ipg0","1","1","1","2","OK"
"8ipg1","1","1","1","2","OK"
"8ipgq","1","1","4","6","OK"
"8ipgz","1","1","1","1","OK"
"8iph1","1","1","1","1","OK"
"8ipif","1","1","2","2","OK"
"8ipiu","1","1","2","2","OK"
"8ipks","1","2","4","7","OK"
"8ipls","5","12","19","28","OK"
"8ipm4","2","2","3","4","OK"
"8ipn0","1","1","1","2","OK"
"8ipoi","1","2","2","2","OK"
"8ipoo","6","9","67","90","OK"
"8ippe","1","2","2","2","OK"
"8ippl","1","1","2","2","OK"
"8ipr3","2","2","21","27","OK"
"8iprx","1","1","1","1","OK"
"8ipxe","2","3","23","32","OK"
"8ipxf","2","2","2","2","OK"
"8iq0e","4","6","28","45","OK"
"8iq0h","1","1","1","1","OK"
"8iq0l","2","5","14","22","OK"
"8iq0m","2","2","2","2","OK"
"8iq0q","1","2","7","10","OK"
"8iq0r","2","3","3","4","OK"
"8iq11","1","1","1","1","OK"
"8iq1n","1","2","2","2","OK"
"8iq1z","4","7","52","81","Observation"
"8iq22","3","4","26","36","OK"
"8iq3b","3","3","5","7","OK"
"8iq4r","6","8","72","96","OK"
"8iq53","13","27","625","859","OK"
"8iq7l","1","1","1","1","OK"
"8iq7q","2","2","4","5","OK"
"8iq85","1","1","3","4","OK"
"8iqbs","1","1","2","2","OK"
"8iqd8","1","1","1","1","OK"
"8iqde","1","2","7","7","OK"
"8iqe6","1","1","2","2","OK"
"8iqec","1","1","1","1","OK"
"8iqee","1","1","1","1","OK"
"8iqez","1","1","1","1","OK"
"8iqfg","1","2","2","2","OK"
"8iqhl","1","1","2","2","OK"
"8iqip","1","1","1","1","OK"
"8iqjj","1","1","1","1","OK"
"8iqk3","1","2","4","6","OK"
"8iqks","1","1","2","2","OK"
"8iqni","1","1","3","3","OK"
"8iqnn","3","3","4","4","OK"
"8iqnv","15","40","771","1322","OK"
"8iqp5","1","1","1","1","OK"
"8iqqe","1","1","2","2","OK"
"8iqr5","1","1","1","1","OK"
"8iqsf","1","1","1","1","OK"
"8iqsw","1","1","1","1","OK"
"8iqtd","1","1","1","1","OK"
"8iqth","7","19","26","29","OK"
"8iqu0","1","1","1","1","OK"
"8iqu4","1","1","1","1","OK"
"8iqu5","1","1","1","1","OK"
"8iqua","1","1","1","1","OK"
"8iqug","4","7","77","151","OK"
"8iqur","1","1","1","1","OK"
"8iquu","1","1","1","1","OK"
"8iqvd","1","1","1","1","OK"
"8iqvi","5","5","8","13","OK"
"8iqvo","1","1","2","2","OK"
"8iqvp","2","3","4","4","OK"
"8iqvs","1","1","3","3","OK"
"8iqw0","1","1","1","1","OK"
"8iqw1","3","4","45","59","OK"
"8iqw2","1","2","6","9","OK"
"8iqw6","2","3","19","28","OK"
"8iqw8","1","2","6","8","OK"
"8iqw9","1","1","3","5","OK"
"8iqwa","1","2","4","5","OK"
"8iqwb","1","1","2","2","OK"
"8iqwc","3","5","5","7","OK"
"8iqwe","1","1","1","1","OK"
"8iqwf","1","1","1","1","OK"
"8iqwy","1","1","1","1","OK"
"8iqx9","2","3","4","4","OK"
"8iqxa","1","1","4","5","OK"
"8iqxb","1","1","2","3","OK"
"8iqxi","1","1","1","1","OK"
"8iqym","1","1","1","1","OK"
"8iqyw","3","6","37","67","OK"
"8iqzc","2","7","56","68","OK"
"8iqzg","2","2","10","16","OK"
"8iqzh","2","4","27","45","OK"
"8iqzi","8","17","229","352","OK"
"8iqzk","6","10","122","173","OK"
"8iqzl","3","7","36","47","OK"
"8iqzm","3","4","20","27","OK"
"8iqzn","2","2","9","11","OK"
"8iqzo","2","3","19","27","OK"
"8iqzp","5","11","127","189","OK"
"8iqzs","5","6","69","87","OK"
"8iqzu","4","4","15","21","OK"
"8iqzw","5","13","131","208","OK"
"8iqzz","4","7","49","78","OK"
"8ir00","3","4","39","71","OK"
"8ir01","4","9","116","229","OK"
"8ir05","5","12","93","170","Fraud"
"8ir06","2","5","42","73","OK"
"8ir07","5","12","126","232","OK"
"8ir09","5","9","161","271","OK"
"8ir0d","2","4","27","38","OK"
"8ir0f","3","7","43","75","OK"
"8ir0i","1","1","3","3","OK"
"8ir0v","1","1","3","3","OK"
"8ir0z","1","1","1","1","OK"
"8ir14","2","3","12","14","OK"
"8ir16","2","3","15","23","OK"
"8ir1o","1","1","1","1","OK"
"8ir25","1","1","3","5","OK"
"8ir28","1","1","2","2","OK"
"8ir2b","1","2","4","4","OK"
"8ir2e","1","2","7","13","OK"
"8ir2l","2","2","4","5","OK"
"8ir2o","1","1","1","1","OK"
"8ir2s","1","1","1","1","OK"
"8ir3v","2","3","3","3","OK"
"8ir4d","1","1","1","1","OK"
"8ir6j","1","1","1","1","OK"
"8ir6k","1","1","1","1","OK"
"8ir6w","1","1","1","1","OK"
"8ir7h","1","1","1","1","OK"
"8ir96","3","5","43","60","OK"
"8irab","21","63","727","1054","OK"
"8irb0","2","3","4","5","OK"
"8irbp","3","5","39","69","OK"
"8irck","1","1","2","3","OK"
"8ircl","1","2","5","7","OK"
"8ircq","2","2","9","11","OK"
"8ircw","1","1","1","1","OK"
"8ircy","1","1","2","2","OK"
"8irdq","1","1","1","1","OK"
"8irdv","2","2","3","3","OK"
"8ire4","1","2","3","3","OK"
"8irek","1","1","1","1","OK"
"8irgx","1","1","1","2","OK"
"8irid","1","1","1","1","OK"
"8irih","4","10","81","151","OK"
"8iriv","4","14","22","27","OK"
"8irjv","1","3","4","4","OK"
"8irk4","4","4","19","33","OK"
"8irkm","2","4","5","5","OK"
"8irl1","1","1","1","1","OK"
"8irlc","8","15","129","219","OK"
"8irle","2","4","22","29","OK"
"8irll","4","9","56","65","Observation"
"8irob","89","161","2250","4326","OK"
"8irot","4","8","78","117","OK"
"8irq0","5","10","141","259","OK"
"8irqh","1","1","1","1","OK"
"8irqi","1","1","1","1","OK"
"8irqk","1","1","1","1","OK"
"8irr8","1","1","2","2","OK"
"8irr9","1","2","8","8","OK"
"8irrl","1","1","1","1","OK"
"8irrw","1","1","1","1","OK"
"8irrx","3","5","44","76","Observation"
"8irs5","2","3","15","20","OK"
"8irsq","1","1","1","1","OK"
"8irsy","2","3","6","9","OK"
"8irt8","2","3","14","18","OK"
"8irtb","1","1","1","1","OK"
"8irtc","1","2","3","3","OK"
"8irti","1","1","2","2","OK"
"8irtu","1","1","1","1","OK"
"8iru0","1","1","3","4","OK"
"8iru3","1","1","1","1","OK"
"8irui","15","42","82","82","OK"
"8iruq","1","1","1","1","OK"
"8irvj","4","8","81","142","OK"
"8irwu","1","1","1","1","OK"
"8irzv","1","1","1","1","OK"
"8is01","4","6","62","92","OK"
"8is0l","1","2","2","3","OK"
"8is1d","4","4","8","13","OK"
"8is20","1","2","5","6","OK"
"8is2b","6","11","170","206","OK"
"8is2k","4","8","92","141","Fraud"
"8is2p","1","1","3","3","OK"
"8is30","1","1","1","1","OK"
"8is32","1","1","1","1","OK"
"8is41","1","1","1","1","OK"
"8is47","2","3","5","5","OK"
"8is4p","1","1","1","1","OK"
"8is4w","5","17","60","65","OK"
"8is4x","2","2","3","6","OK"
"8is5e","5","9","102","194","OK"
"8is5f","1","1","2","2","OK"
"8is5h","5","12","200","300","Observation"
"8is5o","1","2","5","6","OK"
"8is5q","2","3","8","13","OK"
"8is5r","2","3","8","8","OK"
"8is6u","1","1","2","2","OK"
"8is82","5","16","109","213","OK"
"8is85","1","1","1","1","OK"
"8is87","2","3","15","19","OK"
"8is8g","2","2","11","16","OK"
"8isas","8","16","177","241","OK"
"8isat","6","18","283","561","OK"
"8isau","2","3","3","3","OK"
"8isbh","2","3","7","10","OK"
"8isbo","1","1","1","2","OK"
"8isbr","1","1","1","1","OK"
"8isbz","2","2","15","23","OK"
"8isch","4","10","139","247","Observation"
"8iscw","3","5","12","16","OK"
"8iscy","2","4","16","24","OK"
"8isd4","1","1","1","1","OK"
"8isd6","1","1","1","1","OK"
"8isdb","3","3","12","15","OK"
"8isdq","1","1","3","4","OK"
"8ise8","1","1","2","3","OK"
"8isei","2","2","2","3","OK"
"8ises","3","9","77","106","OK"
"8iseu","2","3","6","6","OK"
"8isf7","2","2","7","12","OK"
"8isfp","1","1","1","1","OK"
"8isfs","1","1","1","1","OK"
"8isgu","1","1","3","4","OK"
"8ish6","5","11","80","131","OK"
"8ishk","1","2","4","5","OK"
"8ishn","2","3","4","4","OK"
"8isi3","1","1","1","1","OK"
"8isj3","8","25","444","780","OK"
"8isj9","1","4","10","11","OK"
"8isje","1","2","12","16","OK"
"8isk1","1","1","1","1","OK"
"8isk6","1","1","1","1","OK"
"8islr","2","4","6","7","OK"
"8isme","1","1","2","3","OK"
"8ismw","1","1","1","1","OK"
"8isp2","1","1","1","1","OK"
"8isrm","2","5","20","25","OK"
"8isrt","1","1","1","1","OK"
"8issu","3","4","37","48","OK"
"8isvf","1","1","1","1","OK"
"8isxs","1","1","2","2","OK"
"8isxw","1","1","1","1","OK"
"8isyx","1","1","1","1","OK"
"8isz2","1","1","2","3","OK"
"8isz4","1","1","1","1","OK"
"8it0b","2","4","6","6","OK"
"8it0m","1","1","1","1","OK"
"8it0v","1","1","4","5","OK"
"8it18","1","1","2","3","OK"
"8it2h","5","6","56","104","OK"
"8it36","6","12","212","411","Fraud"
"8it3p","5","5","13","20","OK"
"8it4b","1","1","1","2","OK"
"8it51","2","4","18","28","OK"
"8it52","2","2","8","12","OK"
"8it54","2","3","14","14","OK"
"8it55","3","4","21","26","OK"
"8it57","1","1","3","3","OK"
"8it59","2","2","2","2","OK"
"8it5a","1","2","6","6","OK"
"8it5b","1","1","3","3","OK"
"8it5c","2","3","9","9","OK"
"8it5d","1","1","4","4","OK"
"8it5e","2","4","23","23","OK"
"8it5i","2","3","7","7","OK"
"8it5k","2","3","12","12","OK"
"8it5n","2","3","18","18","OK"
"8it5o","2","3","5","5","OK"
"8it5q","1","1","2","2","OK"
"8it5r","1","1","2","2","OK"
"8it5t","2","3","17","22","OK"
"8it63","1","1","1","1","OK"
"8it65","1","1","1","1","OK"
"8it66","1","1","1","1","OK"
"8it6j","1","2","4","4","OK"
"8it7k","1","1","4","4","OK"
"8it7m","1","1","1","1","OK"
"8it7o","1","2","5","5","OK"
"8it7p","1","1","4","4","OK"
"8it8j","2","4","15","19","OK"
"8it8l","1","1","1","1","OK"
"8it8q","1","2","2","2","OK"
"8it9g","7","26","180","261","OK"
"8it9n","1","1","2","3","OK"
"8it9p","4","9","92","134","OK"
"8it9w","5","6","57","82","OK"
"8itaa","2","3","3","3","OK"
"8itap","9","19","386","575","Observation"
"8itat","1","1","1","1","OK"
"8itb0","23","85","2127","4175","OK"
"8itb1","30","105","1518","2018","OK"
"8itcr","6","15","170","251","OK"
"8itcx","1","1","1","1","OK"
"8itdr","1","1","3","3","OK"
"8itdx","1","1","1","1","OK"
"8ite3","12","37","617","988","OK"
"8iteu","1","1","3","3","OK"
"8itf4","1","2","7","7","OK"
"8itfc","1","1","1","1","OK"
"8itgs","1","1","2","3","OK"
"8ith0","2","4","5","5","OK"
"8ith4","10","23","447","742","OK"
"8ith6","1","1","1","1","OK"
"8ithb","1","1","1","1","OK"
"8ithf","7","16","236","450","Observation"
"8ithn","1","1","2","2","OK"
"8ithu","2","4","28","37","OK"
"8ithz","1","1","1","1","OK"
"8itif","4","5","5","5","OK"
"8itio","1","1","1","1","OK"
"8itiu","3","3","8","13","OK"
"8itj5","3","4","9","11","OK"
"8itji","6","13","176","253","OK"
"8itk7","2","2","6","8","OK"
"8itka","1","1","1","1","OK"
"8itkq","1","2","4","4","OK"
"8itks","1","1","4","4","OK"
"8itkt","2","2","13","22","OK"
"8itl2","1","1","1","1","OK"
"8itl8","2","2","2","2","OK"
"8itla","1","1","1","1","OK"
"8itlh","2","2","12","21","OK"
"8itli","1","1","3","3","OK"
"8itlt","3","4","8","14","OK"
"8itly","3","3","20","38","OK"
"8itm2","1","1","1","1","OK"
"8itme","1","1","4","4","OK"
"8itmi","13","29","364","575","OK"
"8itmu","2","2","4","6","OK"
"8itnb","1","1","1","1","OK"
"8itod","3","5","49","49","OK"
"8itoe","1","1","2","2","OK"
"8itof","5","9","91","125","OK"
"8itop","5","15","106","207","OK"
"8itos","1","1","1","1","OK"
"8itoz","1","1","2","2","OK"
"8itp0","2","2","5","6","OK"
"8itpk","2","2","9","12","OK"
"8itq3","1","1","1","1","OK"
"8itql","1","1","1","1","OK"
"8itqs","1","1","1","1","OK"
"8itrb","3","3","19","25","OK"
"8itre","3","5","31","58","OK"
"8itrn","1","2","5","6","OK"
"8itro","1","1","1","1","OK"
"8itrq","3","4","6","6","OK"
"8its6","1","1","3","3","OK"
"8itsg","1","1","1","1","OK"
"8itsw","1","1","2","3","OK"
"8itt6","1","1","1","1","OK"
"8ittc","3","3","15","25","OK"
"8itth","1","1","1","1","OK"
"8ittq","1","1","1","1","OK"
"8ittu","1","1","1","1","OK"
"8ittv","1","1","1","1","OK"
"8ituk","1","1","1","2","OK"
"8itvb","1","1","1","1","OK"
"8itww","1","1","1","1","OK"
"8itx1","2","3","8","9","OK"
"8itx5","4","13","75","124","OK"
"8itxs","2","2","3","4","OK"
"8itxx","1","1","3","3","OK"
"8ityd","1","1","2","2","OK"
"8itzi","1","2","6","6","OK"
"8iu02","1","1","1","1","OK"
"8iu0k","2","3","4","4","OK"
"8iu23","1","3","4","4","OK"
"8iu2c","10","30","512","819","Observation"
"8iu38","1","1","1","1","OK"
"8iu3e","2","3","16","22","OK"
"8iu3h","6","13","113","165","OK"
"8iu4c","3","4","30","43","OK"
"8iu57","1","1","1","1","OK"
"8iu5r","2","2","2","2","OK"
"8iu66","3","4","14","24","OK"
"8iu6m","1","1","1","1","OK"
"8iu6x","1","3","5","5","OK"
"8iu74","1","1","1","1","OK"
"8iu76","3","6","62","107","Observation"
"8iu77","2","2","11","12","OK"
"8iu7b","1","1","1","1","OK"
"8iu7d","4","9","88","155","OK"
"8iu7w","1","1","1","1","OK"
"8iu82","1","1","1","1","OK"
"8iua3","2","2","6","8","OK"
"8iuan","9","30","533","887","Observation"
"8iuav","1","2","3","3","OK"
"8iub1","1","1","2","2","OK"
"8iucx","2","2","2","4","OK"
"8iufj","1","2","7","11","OK"
"8iufr","1","1","1","1","OK"
"8iufs","2","3","7","11","OK"
"8iufv","1","1","2","2","OK"
"8iugo","1","1","1","1","OK"
"8iuhr","1","1","1","1","OK"
"8iui3","1","1","1","1","OK"
"8iuia","13","37","580","1003","OK"
"8iuip","1","1","1","1","OK"
"8iujq","1","1","4","4","OK"
"8iujx","3","4","20","37","OK"
"8iukd","1","1","1","1","OK"
"8iuls","1","2","2","3","OK"
"8ium6","1","1","1","1","OK"
"8iumc","2","2","8","8","OK"
"8iume","4","8","48","92","OK"
"8iumx","2","4","4","4","OK"
"8iun9","3","9","74","107","OK"
"8iuna","1","2","3","3","OK"
"8iunk","1","1","1","1","OK"
"8iuo8","2","4","108","204","OK"
"8iuok","1","2","9","11","OK"
"8iuqb","1","1","1","1","OK"
"8iuqh","1","2","3","4","OK"
"8iuqk","2","5","104","199","OK"
"8iuqp","1","1","1","1","OK"
"8iuqv","1","1","1","1","OK"
"8iurr","1","2","3","3","OK"
"8iuuw","1","1","1","1","OK"
"8iuv4","1","1","3","4","OK"
"8iuv6","2","2","8","11","OK"
"8iuv8","2","2","3","6","OK"
"8iuv9","4","9","40","40","OK"
"8iuva","1","2","3","4","OK"
"8iuwa","1","1","1","1","OK"
"8iuxg","1","1","1","2","OK"
"8iuxk","2","2","2","2","OK"
"8iuxq","2","3","7","10","OK"
"8iuy6","1","1","1","1","OK"
"8iuyv","3","8","17","22","OK"
"8iv07","1","2","3","3","OK"
"8iv0i","1","1","1","1","OK"
"8iv0s","1","1","1","1","OK"
"8iv0x","2","3","8","14","OK"
"8iv1g","1","1","1","2","OK"
"8iv1m","1","1","2","2","OK"
"8iv1x","2","2","10","12","OK"
"8iv2t","1","1","1","1","OK"
"8iv3o","1","1","1","1","OK"
"8iv48","1","1","1","1","OK"
"8iv4d","1","1","1","1","OK"
"8iv4h","1","1","1","1","OK"
"8iv4j","4","8","27","29","OK"
"8iv58","1","1","1","1","OK"
"8iv5f","1","1","1","1","OK"
"8iv5p","1","1","1","1","OK"
"8iv65","1","1","5","7","OK"
"8iv6j","2","2","2","2","OK"
"8iv7e","3","5","45","56","OK"
"8iv7j","3","7","59","107","OK"
"8iv8i","1","1","1","1","OK"
"8iv9n","2","3","69","125","OK"
"8ivbf","5","18","117","117","Observation"
"8ivbn","3","5","27","46","OK"
"8ivbx","1","1","1","1","OK"
"8ivcn","1","1","1","1","OK"
"8ivdi","2","3","18","19","OK"
"8ivdx","1","1","3","3","OK"
"8ive3","1","1","3","3","OK"
"8ive5","1","1","1","1","OK"
"8ivea","2","3","12","14","OK"
"8iveg","2","2","4","5","OK"
"8ivf6","2","3","9","11","OK"
"8ivfj","1","1","1","1","OK"
"8ivfk","5","10","131","237","OK"
"8ivge","1","1","2","2","OK"
"8ivhg","1","1","1","1","OK"
"8ivhr","4","5","19","24","OK"
"8ivir","14","43","847","1103","OK"
"8iviz","1","1","1","1","OK"
"8ivj4","1","1","1","1","OK"
"8ivjv","9","17","209","352","OK"
"8ivkm","1","1","1","1","OK"
"8ivkn","9","9","66","117","OK"
"8ivlh","8","16","262","449","Fraud"
"8ivlp","3","7","60","101","Observation"
"8ivm9","1","1","1","1","OK"
"8ivmk","1","2","4","4","OK"
"8ivnj","1","1","1","1","OK"
"8ivnk","2","3","3","3","OK"
"8ivnx","1","1","1","1","OK"
"8ivny","1","1","1","1","OK"
"8ivo7","3","4","14","17","OK"
"8ivof","4","9","100","181","OK"
"8ivp6","1","1","1","1","OK"
"8ivpt","1","1","1","1","OK"
"8ivpv","3","4","39","69","OK"
"8ivql","1","1","1","1","OK"
"8ivsv","1","1","1","1","OK"
"8ivsx","3","3","30","41","OK"
"8ivti","2","3","6","6","OK"
"8ivtm","1","2","2","2","OK"
"8ivtv","1","1","1","1","OK"
"8ivwj","8","27","156","202","OK"
"8ivwr","3","3","4","6","OK"
"8ivwv","1","1","1","2","OK"
"8ivxp","1","1","1","1","OK"
"8ivy4","3","5","28","38","OK"
"8ivy5","1","1","1","1","OK"
"8ivyc","2","3","6","7","OK"
"8ivyu","1","1","1","1","OK"
"8iw0a","1","1","1","1","OK"
"8iw0n","1","1","5","9","OK"
"8iw0r","14","18","149","149","OK"
"8iw1f","1","2","5","5","OK"
"8iw1v","1","1","1","1","OK"
"8iw21","1","1","1","1","OK"
"8iw29","2","3","4","4","OK"
"8iw31","1","1","1","1","OK"
"8iw3u","1","1","1","1","OK"
"8iw46","1","2","4","5","OK"
"8iw4a","1","1","2","2","OK"
"8iw55","1","1","1","1","OK"
"8iw5p","2","3","4","6","OK"
"8iw5r","1","1","1","1","OK"
"8iw6k","1","1","1","1","OK"
"8iw6v","1","1","1","1","OK"
"8iw7e","3","3","6","6","OK"
"8iw7i","1","1","3","4","OK"
"8iw84","1","1","6","10","OK"
"8iw9s","2","6","18","28","OK"
"8iwaa","1","2","2","2","OK"
"8iwac","1","1","1","1","OK"
"8iwag","1","1","1","1","OK"
"8iwak","2","2","2","2","OK"
"8iwau","1","1","1","1","OK"
"8iwav","1","1","1","1","OK"
"8iwbt","1","1","1","1","OK"
"8iwe6","1","1","3","4","OK"
"8iweh","1","1","1","1","OK"
"8iwf2","1","1","1","1","OK"
"8iwfs","1","1","4","5","OK"
"8iwg3","2","3","12","14","OK"
"8iwh3","2","2","3","3","OK"
"8iwhf","1","1","1","1","OK"
"8iwhh","1","1","1","1","OK"
"8iwhi","1","2","9","14","OK"
"8iwid","16","49","602","923","OK"
"8iwii","2","4","10","17","OK"
"8iwj3","1","1","1","1","OK"
"8iwjs","2","2","5","6","OK"
"8iwky","1","1","1","1","OK"
"8iwl4","2","4","27","35","OK"
"8iwl5","1","2","5","6","OK"
"8iwmb","8","14","173","337","OK"
"8iwn7","1","1","1","1","OK"
"8iwnh","1","1","1","1","OK"
"8iwo2","7","18","201","253","OK"
"8iwos","3","10","39","59","Fraud"
"8iwp2","6","15","47","72","Fraud"
"8iwp3","4","7","76","123","OK"
"8iwpy","1","1","1","1","OK"
"8iwq4","2","2","8","10","OK"
"8iwq6","1","1","2","3","OK"
"8iwqm","1","1","3","4","OK"
"8iwqv","1","1","2","2","OK"
"8iwrl","8","14","14","15","OK"
"8iwrx","2","2","9","16","OK"
"8iws2","1","2","2","2","OK"
"8iws4","1","1","1","1","OK"
"8iws7","1","2","4","5","OK"
"8iwsa","1","1","2","2","OK"
"8iwsc","1","3","4","5","OK"
"8iwu7","5","7","63","83","OK"
"8iwug","1","2","3","5","OK"
"8iwv8","3","3","17","18","OK"
"8iwvi","2","3","3","3","OK"
"8iwvl","2","3","17","23","OK"
"8iwx5","1","1","5","6","OK"
"8iwxs","1","2","2","2","OK"
"8iwxv","2","4","4","7","OK"
"8iwy8","5","13","166","278","OK"
"8iwz0","1","1","2","2","OK"
"8ix09","1","1","1","1","OK"
"8ix0c","1","1","1","1","OK"
"8ix2h","3","6","45","79","OK"
"8ix3h","1","1","1","1","OK"
"8ix6h","1","1","2","2","OK"
"8ix6p","6","6","66","121","Fraud"
"8ix86","1","1","1","1","OK"
"8ix89","2","2","2","2","OK"
"8ixdk","1","1","1","2","OK"
"8ixgd","2","2","10","16","OK"
"8ixgl","1","1","3","3","OK"
"8ixl3","3","3","6","6","OK"
"8ixly","1","2","3","3","OK"
"8ixlz","2","5","10","18","OK"
"8ixoq","3","6","32","51","OK"
"8ixor","6","8","88","166","OK"
"8ixp4","1","1","1","1","OK"
"8ixq4","39","126","864","1548","OK"
"8ixq5","20","73","1692","3063","OK"
"8ixs1","2","2","6","8","OK"
"8ixsd","12","26","259","480","OK"
"8ixue","1","1","1","1","OK"
"8ixuj","1","1","1","1","OK"
"8ixvg","2","2","11","17","OK"
"8ixvu","9","29","192","293","OK"
"8ixy5","1","1","1","1","OK"
"8ixzl","1","1","1","1","OK"
"8ixzs","8","29","252","326","OK"
"8ixzt","9","35","186","213","OK"
"8iy03","18","59","855","1169","OK"
"8iy0v","3","5","48","80","Observation"
"8iy1m","1","1","1","1","OK"
"8iy36","3","7","19","26","OK"
"8iy4x","1","1","2","2","OK"
"8iy5g","10","19","253","370","OK"
"8iy6x","1","1","1","1","OK"
"8iy7x","5","6","7","8","OK"
"8iy9b","1","2","2","2","OK"
"8iyb9","1","1","5","5","OK"
"8iyc8","7","18","332","516","OK"
"8iydk","1","1","1","1","OK"
"8iyea","1","1","1","1","OK"
"8iyfx","2","3","16","17","OK"
"8iyi9","2","2","12","18","OK"
"8iyj6","2","3","5","9","OK"
"8iyo2","1","1","1","1","OK"
"8iysb","3","4","31","47","OK"
"8iyvp","6","12","190","287","OK"
"8iywe","1","1","1","1","OK"
"8iyxe","2","2","7","8","OK"
"8iz0o","1","1","1","1","OK"
"8iz1c","9","24","446","832","OK"
"8iz2a","10","22","48","56","OK"
"8iz2c","2","7","48","52","OK"
"8iz2e","2","3","13","20","OK"
"8iz2m","3","4","36","47","OK"
"8iz2n","10","24","44","60","OK"
"8iz48","2","3","12","21","OK"
"8iz6y","1","1","2","3","OK"
"8iz7h","1","1","2","2","OK"
"8iz7i","9","25","581","895","OK"
"8iz80","1","1","1","1","OK"
"8iz8t","1","1","1","1","OK"
"8iz91","3","4","40","63","OK"
"8izah","1","1","2","3","OK"
"8izak","1","1","1","1","OK"
"8izam","1","1","1","1","OK"
"8izan","1","1","1","1","OK"
"8izao","1","1","1","1","OK"
"8izar","1","1","2","3","OK"
"8izau","1","2","5","6","OK"
"8izav","1","2","7","9","OK"
"8izaw","1","1","3","3","OK"
"8izay","1","1","1","1","OK"
"8izbp","1","1","1","1","OK"
"8izbt","3","4","8","15","OK"
"8ize1","1","1","1","1","OK"
"8izgi","1","1","1","2","OK"
"8izjs","1","1","1","1","OK"
"8izkp","1","1","1","1","OK"
"8izlr","1","1","2","3","OK"
"8iznj","7","17","284","376","OK"
"8izot","1","1","1","1","OK"
"8izpa","6","9","44","58","OK"
"8izsa","1","1","2","3","OK"
"8izt5","31","108","1530","1558","Observation"
"8izt6","5","9","155","255","Observation"
"8iztc","3","5","27","45","OK"
"8iztd","1","1","2","3","OK"
"8iztj","1","2","8","10","OK"
"8izts","1","1","1","1","OK"
"8izu7","1","1","1","1","OK"
"8izv8","2","3","5","5","OK"
"8izwb","3","7","29","39","OK"
"8izwe","5","11","91","96","Fraud"
"8izxr","1","2","8","9","OK"
"8izzv","14","20","53","95","OK"
"8j00e","1","2","7","8","OK"
"8j01d","1","1","1","1","OK"
"8j029","1","1","3","3","OK"
"8j07i","3","4","12","21","OK"
"8j07s","1","1","5","5","OK"
"8j085","2","2","2","2","OK"
"8j08y","13","33","664","1104","OK"
"8j094","1","1","1","1","OK"
"8j096","2","2","2","3","OK"
"8j09p","1","1","2","2","OK"
"8j0a9","2","2","5","8","OK"
"8j0ao","1","1","2","3","OK"
"8j0b4","5","13","173","277","OK"
"8j0b5","5","13","191","333","OK"
"8j0bs","4","8","105","138","OK"
"8j0bz","1","1","1","1","OK"
"8j0da","1","1","4","4","OK"
"8j0dl","1","1","1","2","OK"
"8j0eq","2","3","9","14","OK"
"8j0fj","4","7","71","119","OK"
"8j0g9","2","4","17","19","OK"
"8j0h6","2","2","2","2","OK"
"8j0hb","3","5","41","70","OK"
"8j0j9","2","3","8","10","OK"
"8j0m9","1","1","1","2","OK"
"8j0mk","1","1","4","6","OK"
"8j0mw","3","3","5","7","OK"
"8j0n4","3","4","21","28","OK"
"8j0ov","3","5","29","49","OK"
"8j0oz","1","1","1","1","OK"
"8j0pl","10","24","250","330","Fraud"
"8j0py","1","1","1","1","OK"
"8j0qc","6","12","31","37","OK"
"8j0qr","1","1","1","1","OK"
"8j0su","1","1","5","5","OK"
"8j0tb","1","1","2","2","OK"
"8j0tg","1","1","3","3","OK"
"8j0w1","16","40","394","477","Observation"
"8j0wb","2","3","3","5","OK"
"8j0ww","2","6","25","37","OK"
"8j0x3","3","7","52","80","OK"
"8j0x9","9","27","402","509","Observation"
"8j0z9","1","1","1","1","OK"
"8j10c","73","274","3907","6610","OK"
"8j11k","1","1","1","1","OK"
"8j121","2","3","6","7","OK"
"8j12n","1","2","4","5","OK"
"8j15b","1","3","6","6","OK"
"8j16r","1","1","1","2","OK"
"8j18g","1","1","2","2","OK"
"8j197","3","4","19","19","OK"
"8j19d","2","3","12","14","OK"
"8j19f","10","21","229","380","OK"
"8j19x","17","41","522","1027","OK"
"8j1a0","1","3","7","11","OK"
"8j1a1","9","15","119","213","OK"
"8j1a2","19","73","207","236","OK"
"8j1a3","1","2","2","3","OK"
"8j1a6","1","1","5","5","OK"
"8j1a7","1","1","3","4","OK"
"8j1aj","5","8","121","180","OK"
"8j1di","1","2","6","8","OK"
"8j1fp","1","1","2","2","OK"
"8j1h7","1","1","1","2","OK"
"8j1j6","1","2","2","2","OK"
"8j1lc","3","5","17","23","OK"
"8j1od","4","11","131","192","OK"
"8j1pb","4","7","20","37","OK"
"8j1pd","14","47","1013","1934","OK"
"8j1q5","1","1","1","1","OK"
"8j1qi","1","1","1","1","OK"
"8j1rc","3","3","3","3","OK"
"8j1s7","1","1","1","1","OK"
"8j1se","3","3","13","16","OK"
"8j1so","1","2","6","10","OK"
"8j1sp","1","1","6","8","OK"
"8j1sw","2","3","12","21","OK"
"8j1t4","3","6","65","106","OK"
"8j1ti","11","32","668","1192","OK"
"8j1u4","1","2","3","4","OK"
"8j1u5","2","3","8","13","OK"
"8j1uw","2","4","4","4","OK"
"8j1x0","2","2","2","2","OK"
"8j1xv","2","2","3","4","OK"
"8j1y0","1","1","1","1","OK"
"8j1y6","2","2","2","2","OK"
"8j20z","9","16","167","209","OK"
"8j22j","1","1","2","3","OK"
"8j22t","2","2","2","3","OK"
"8j23z","1","1","4","5","OK"
"8j240","1","1","1","1","OK"
"8j24h","1","1","1","1","OK"
"8j26k","1","4","10","12","OK"
"8j279","2","3","4","8","OK"
"8j27p","1","1","2","2","OK"
"8j295","1","1","2","2","OK"
"8j29y","1","2","6","6","OK"
"8j2b6","2","2","8","11","OK"
"8j2b9","2","3","9","13","OK"
"8j2dz","1","1","1","1","OK"
"8j2e0","69","159","1180","1543","OK"
"8j2e9","1","1","1","1","OK"
"8j2er","1","1","3","3","OK"
"8j2f8","1","2","5","6","OK"
"8j2hf","3","7","118","155","Observation"
"8j2i2","2","3","7","12","OK"
"8j2ix","6","10","45","69","Observation"
"8j2kd","1","1","1","1","OK"
"8j2ki","1","1","1","1","OK"
"8j2li","1","1","1","1","OK"
"8j2m4","16","45","808","1105","Observation"
"8j2nt","12","12","26","28","OK"
"8j2pr","3","3","10","11","OK"
"8j2r9","1","2","6","8","OK"
"8j2s6","7","15","255","457","OK"
"8j2s7","13","32","707","1144","OK"
"8j2td","3","4","15","26","OK"
"8j2to","1","1","1","1","OK"
"8j2tr","1","1","1","1","OK"
"8j2uy","3","8","70","139","Fraud"
"8j2z5","2","3","5","6","OK"
"8j2zn","1","1","1","1","OK"
"8j307","2","3","7","10","OK"
"8j30b","3","3","7","7","OK"
"8j30i","1","1","1","1","OK"
"8j30r","5","8","67","77","Fraud"
"8j311","2","2","8","10","OK"
"8j319","1","1","1","1","OK"
"8j31t","5","11","140","257","Observation"
"8j31u","2","4","19","21","OK"
"8j326","1","1","1","1","OK"
"8j329","1","1","1","1","OK"
"8j32k","2","2","5","8","OK"
"8j32l","2","2","11","14","OK"
"8j32m","4","5","30","48","OK"
"8j34p","2","2","3","3","OK"
"8j368","11","33","548","804","Observation"
"8j369","12","40","634","1070","Observation"
"8j36c","1","1","1","1","OK"
"8j36d","13","37","768","1378","Observation"
"8j36e","20","57","786","1488","OK"
"8j36f","5","8","15","27","OK"
"8j36t","8","28","313","551","OK"
"8j38c","1","1","1","1","OK"
"8j398","1","1","1","1","OK"
"8j39n","3","4","24","34","OK"
"8j39x","4","9","100","177","OK"
"8j3e7","1","1","1","1","OK"
"8j3ej","2","2","3","5","OK"
"8j3fg","1","3","7","12","OK"
"8j3fs","2","2","2","4","OK"
"8j3gw","79","354","8149","14467","OK"
"8j3j2","1","1","1","1","OK"
"8j3kg","4","5","7","7","OK"
"8j3l0","1","1","1","1","OK"
"8j3ln","1","1","1","1","OK"
"8j3nw","2","3","14","22","OK"
"8j3oy","1","1","1","1","OK"
"8j3th","1","1","1","1","OK"
"8j3u4","2","3","19","28","OK"
"8j3xi","3","4","31","51","OK"
"8j3xm","1","1","1","1","OK"
"8j3z1","2","3","3","3","OK"
"8j3zu","3","5","13","17","OK"
"8j416","6","13","187","299","OK"
"8j41t","1","1","2","3","OK"
"8j42p","1","1","1","1","OK"
"8j437","2","2","3","3","OK"
"8j43i","1","1","1","1","OK"
"8j46c","20","68","1180","1781","OK"
"8j470","1","1","1","1","OK"
"8j49w","2","3","29","42","OK"
"8j4ap","1","1","1","1","OK"
"8j4ch","3","3","13","13","OK"
"8j4dw","1","1","1","1","OK"
"8j4fc","3","4","20","28","OK"
"8j4fe","2","2","5","6","OK"
"8j4gq","13","38","332","511","OK"
"8j4gr","92","159","1340","2433","OK"
"8j4hv","1","1","2","2","OK"
"8j4li","2","2","3","3","OK"
"8j4mp","4","6","59","85","OK"
"8j4nq","1","2","2","2","OK"
"8j4o3","1","1","1","1","OK"
"8j4og","1","1","2","2","OK"
"8j4pk","1","1","2","4","OK"
"8j4pp","7","22","456","637","OK"
"8j4qz","9","20","406","599","OK"
"8j4sj","1","1","1","1","OK"
"8j4tc","2","2","8","11","OK"
"8j4tl","1","1","1","1","OK"
"8j4tm","1","1","2","2","OK"
"8j4uo","5","9","113","206","OK"
"8j4uq","1","3","5","5","OK"
"8j4v5","2","6","24","39","OK"
"8j4vg","2","3","8","8","OK"
"8j4vj","1","1","1","1","OK"
"8j4ye","3","4","27","44","OK"
"8j507","6","15","162","210","OK"
"8j510","2","2","2","2","OK"
"8j51f","7","14","97","174","Observation"
"8j522","2","2","5","7","OK"
"8j523","4","8","22","23","OK"
"8j52r","2","3","17","21","OK"
"8j53q","1","2","2","3","OK"
"8j53t","4","10","108","134","OK"
"8j54k","1","2","2","2","OK"
"8j54x","1","1","1","1","OK"
"8j55y","79","310","8555","16593","OK"
"8j55z","35","132","3686","6561","OK"
"8j57g","1","1","1","1","OK"
"8j59e","2","2","2","3","OK"
"8j5a2","3","4","8","9","OK"
"8j5an","18","25","334","428","OK"
"8j5bx","5","7","59","83","OK"
"8j5cg","4","7","20","27","OK"
"8j5d0","4","8","39","66","OK"
"8j5dj","4","6","44","58","OK"
"8j5dk","1","1","1","1","OK"
"8j5dn","1","1","1","1","OK"
"8j5ey","1","1","2","2","OK"
"8j5f7","1","1","5","5","OK"
"8j5fu","4","5","25","44","OK"
"8j5gg","12","38","185","221","OK"
"8j5gh","12","30","567","803","OK"
"8j5gi","6","14","83","103","OK"
"8j5gj","8","18","230","364","OK"
"8j5h0","1","1","3","4","OK"
"8j5hb","1","1","1","1","OK"
"8j5hx","1","1","1","2","OK"
"8j5ig","1","1","1","2","OK"
"8j5ix","1","1","2","3","OK"
"8j5lq","1","2","2","4","OK"
"8j5lt","49","204","4592","8021","OK"
"8j5n1","1","1","2","2","OK"
"8j5n8","1","1","2","2","OK"
"8j5ne","1","1","1","2","OK"
"8j5oc","1","1","3","5","OK"
"8j5od","1","2","3","4","OK"
"8j5ol","2","2","3","3","OK"
"8j5qz","1","1","1","1","OK"
"8j5r6","4","6","34","66","OK"
"8j5rx","1","1","1","1","OK"
"8j5t5","2","4","5","5","OK"
"8j5wq","1","1","1","1","OK"
"8j5xt","1","1","1","1","OK"
"8j5zr","1","1","2","2","OK"
"8j5zs","1","1","4","4","OK"
"8j5zz","11","27","531","998","OK"
"8j603","1","1","2","3","OK"
"8j60b","2","3","20","28","OK"
"8j60m","2","2","12","18","OK"
"8j60q","1","1","3","3","OK"
"8j62o","1","1","1","2","OK"
"8j62v","1","1","3","5","OK"
"8j638","2","5","18","25","OK"
"8j64i","2","2","2","3","OK"
"8j65y","7","17","171","208","OK"
"8j67b","3","10","27","27","OK"
"8j67c","2","4","16","18","OK"
"8j696","5","13","172","240","OK"
"8j69h","1","1","1","1","OK"
"8j69s","1","1","1","1","OK"
"8j6ac","1","2","3","4","OK"
"8j6ae","3","7","8","8","OK"
"8j6b8","1","1","1","1","OK"
"8j6em","4","7","71","133","OK"
"8j6en","2","3","14","26","OK"
"8j6eq","1","1","1","1","OK"
"8j6es","25","109","1644","2722","OK"
"8j6f7","2","3","13","22","OK"
"8j6fg","2","4","16","19","OK"
"8j6go","2","2","4","6","OK"
"8j6he","2","2","7","8","OK"
"8j6jw","1","2","6","9","OK"
"8j6mc","1","1","1","1","OK"
"8j6nz","1","2","2","2","OK"
"8j6oi","6","11","155","273","OK"
"8j6p7","1","1","1","2","OK"
"8j6pj","1","1","1","1","OK"
"8j6pm","7","13","178","265","OK"
"8j6ze","1","1","1","1","OK"
"8j6zf","4","9","109","206","OK"
"8j70l","3","3","28","43","OK"
"8j72c","1","1","2","2","OK"
"8j732","1","1","1","2","OK"
"8j73t","9","22","425","844","OK"
"8j76o","9","25","368","615","OK"
"8j77b","4","6","45","81","OK"
"8j78u","4","11","66","128","OK"
"8j79o","3","4","25","31","OK"
"8j7ao","1","1","1","1","OK"
"8j7ba","1","1","1","1","OK"
"8j7ct","3","3","5","7","OK"
"8j7dc","1","1","1","1","OK"
"8j7ia","1","1","1","1","OK"
"8j7ic","1","1","3","3","OK"
"8j7iy","2","2","3","4","OK"
"8j7jh","1","1","3","4","OK"
"8j7mj","2","2","3","3","OK"
"8j7si","1","1","1","1","OK"
"8j7t8","2","3","12","13","OK"
"8j7tm","5","12","170","303","Fraud"
"8j7tt","1","1","1","2","OK"
"8j7xq","1","2","4","5","OK"
"8j7yi","1","1","1","1","OK"
"8j7yr","4","7","57","106","OK"
"8j80q","2","2","3","5","OK"
"8j82j","1","3","9","12","OK"
"8j839","1","1","1","1","OK"
"8j83j","1","2","6","7","OK"
"8j83r","1","1","1","1","OK"
"8j83y","1","1","2","2","OK"
"8j87g","3","6","38","71","OK"
"8j87i","2","2","3","3","OK"
"8j8b5","1","2","2","2","OK"
"8j8bn","2","2","2","2","OK"
"8j8bu","1","1","1","1","OK"
"8j8eb","1","1","1","1","OK"
"8j8eo","1","1","1","1","OK"
"8j8et","2","2","4","4","OK"
"8j8gw","1","1","1","1","OK"
"8j8h8","1","1","1","1","OK"
"8j8ho","1","2","21","25","OK"
"8j8hq","1","1","1","1","OK"
"8j8hr","1","1","2","3","OK"
"8j8i3","2","5","31","42","OK"
"8j8j4","1","1","3","5","OK"
"8j8jd","12","34","597","899","OK"
"8j8jg","1","1","3","3","OK"
"8j8k3","1","1","1","1","OK"
"8j8mt","3","3","9","9","OK"
"8j8mz","4","6","58","89","OK"
"8j8o4","6","10","165","314","OK"
"8j8op","2","2","6","10","OK"
"8j8or","1","1","2","2","OK"
"8j8ou","1","1","1","1","OK"
"8j8q3","1","1","1","2","OK"
"8j8rh","1","1","1","1","OK"
"8j8sa","1","1","1","1","OK"
"8j8se","4","5","17","26","OK"
"8j8sf","2","2","13","15","OK"
"8j8sv","2","3","18","23","OK"
"8j8t2","4","11","73","99","OK"
"8j8tf","2","2","6","9","OK"
"8j8u2","4","4","34","40","OK"
"8j8wj","1","1","1","1","OK"
"8j8yz","5","11","88","165","OK"
"8j8zb","2","3","9","17","OK"
"8j90l","1","1","1","1","OK"
"8j90q","1","1","2","2","OK"
"8j92i","3","6","44","82","OK"
"8j94o","1","1","1","1","OK"
"8j94s","1","1","1","1","OK"
"8j94z","1","2","9","10","OK"
"8j95g","1","1","1","2","OK"
"8j967","3","7","63","97","OK"
"8j9a2","1","2","3","4","OK"
"8j9a5","2","3","6","6","OK"
"8j9aa","1","2","2","2","OK"
"8j9d9","3","5","39","55","OK"
"8j9eq","2","2","3","5","OK"
"8j9ey","1","1","1","1","OK"
"8j9ge","1","1","1","1","OK"
"8j9h2","1","1","1","1","OK"
"8j9h9","1","1","1","1","OK"
"8j9i6","14","54","1010","1897","OK"
"8j9i7","2","4","32","47","OK"
"8j9i9","5","12","152","221","OK"
"8j9jc","1","1","1","1","OK"
"8j9m9","4","7","35","54","OK"
"8j9ml","1","1","4","5","OK"
"8j9o0","6","7","58","115","OK"
"8j9p4","4","5","34","57","Observation"
"8j9pe","4","4","11","13","OK"
"8j9q3","1","1","3","3","OK"
"8jb5v","1","1","1","1","OK"
"8jc3s","5","10","116","204","OK"
"8jc5o","2","3","12","19","OK"
"8jc8u","1","1","1","1","OK"
"8jc8v","65","163","2258","4249","OK"
"8jccm","2","2","9","12","OK"
"8jcez","2","2","3","3","OK"
"8jcfz","1","1","1","1","OK"
"8jcgp","5","7","7","10","OK"
"8jch5","3","3","9","13","OK"
"8jchh","2","4","24","32","OK"
"8jciv","2","3","14","17","OK"
"8jclv","6","16","198","332","OK"
"8jcoh","1","1","1","1","OK"
"8jcru","1","1","2","2","OK"
"8jcuw","1","1","1","1","OK"
"8jg20","7","13","153","247","OK"
"8jg2a","1","1","2","2","OK"
"8jg49","1","1","1","1","OK"
"8jg5r","1","2","3","3","OK"
"8jg82","1","1","1","1","OK"
"8jg8w","1","1","1","1","OK"
"8jg9s","1","2","4","8","OK"
"8jgac","2","3","16","30","OK"
"8jgbu","12","29","588","864","OK"
"8jgcj","2","3","14","15","OK"
"8jgcw","2","2","15","19","OK"
"8jgel","1","1","1","1","OK"
"8jgf3","1","1","1","1","OK"
"8jgg3","3","5","32","37","OK"
"8jggg","1","1","1","1","OK"
"8jgk9","1","1","1","1","OK"
"8jgkk","4","9","75","137","Observation"
"8jgl8","1","1","1","1","OK"
"8jgls","3","4","29","39","OK"
"8jgok","1","2","3","3","OK"
"8jgq9","1","1","1","1","OK"
"8jgqa","2","2","8","9","OK"
"8jgqb","3","4","10","12","OK"
"8jgqr","1","1","1","1","OK"
"8jgt1","1","3","8","10","OK"
"8jgts","4","4","8","11","OK"
"8jgu2","1","1","1","1","OK"
"8jgul","2","2","6","10","OK"
"8jgvx","1","1","1","1","OK"
"8jh5s","1","1","1","1","OK"
"8jh5u","1","1","1","1","OK"
"8jh5v","1","1","1","1","OK"
"8jh60","1","2","3","3","OK"
"8jh7b","2","4","28","43","OK"
"8jh9c","2","2","5","10","OK"
"8jhbl","3","6","45","76","OK"
"8jhcs","1","1","1","1","OK"
"8jhct","1","1","1","1","OK"
"8jhdz","4","4","4","4","OK"
"8jhep","1","2","3","4","OK"
"8jhfv","18","64","1111","1965","OK"
"8jhge","3","5","18","28","OK"
"8jhgj","1","1","1","1","OK"
"8jhgx","28","68","1062","1677","OK"
"8jhh0","3","4","22","36","OK"
"8jhi5","1","1","2","2","OK"
"8jhis","1","2","2","2","OK"
"8jhit","2","3","9","9","OK"
"8jhle","1","1","1","1","OK"
"8jhlw","1","2","2","2","OK"
"8jhmk","1","1","1","1","OK"
"8jhnz","10","12","163","274","OK"
"8jhou","2","3","14","27","OK"
"8jhp2","1","1","3","3","OK"
"8jhsv","1","1","1","1","OK"
"8jhtq","1","1","1","1","OK"
"8jhw3","2","2","8","13","OK"
"8jhw9","1","1","2","2","OK"
"8jhyg","1","2","3","3","OK"
"8ji11","1","1","2","2","OK"
"8ji1d","1","1","1","1","OK"
"8ji1k","4","7","106","182","OK"
"8ji1l","11","29","688","1206","OK"
"8ji1s","4","8","68","95","OK"
"8ji1u","4","8","29","42","Observation"
"8ji2e","1","1","1","1","OK"
"8ji49","2","2","4","6","OK"
"8ji4k","6","18","137","234","OK"
"8ji4m","2","5","12","16","OK"
"8ji4n","1","1","3","5","OK"
"8ji60","1","1","1","1","OK"
"8ji8h","5","10","25","40","OK"
"8ji8l","1","1","1","1","OK"
"8ji9t","1","1","1","1","OK"
"8jiak","1","1","1","1","OK"
"8jiam","1","1","1","1","OK"
"8jian","1","1","2","2","OK"
"8jibl","2","3","12","16","OK"
"8jibp","1","1","1","1","OK"
"8jict","2","4","15","15","OK"
"8jid2","1","1","1","1","OK"
"8jiex","3","5","29","54","OK"
"8jif4","1","1","1","1","OK"
"8jifa","2","2","2","3","OK"
"8jiff","2","3","10","17","OK"
"8jigh","1","2","13","15","OK"
"8jik8","1","1","1","1","OK"
"8jil2","1","1","2","2","OK"
"8jim2","1","1","1","1","OK"
"8jin3","1","1","3","4","OK"
"8jior","3","4","30","54","OK"
"8jisx","3","4","23","35","OK"
"8jith","1","1","1","1","OK"
"8jiu2","1","1","1","1","OK"
"8jiuc","3","5","16","20","OK"
"8jiwm","1","1","1","1","OK"
"8jiy2","3","3","15","25","OK"
"8jiy8","1","1","2","3","OK"
"8jiz8","1","1","2","2","OK"
"8jj05","1","1","1","1","OK"
"8jj1n","5","12","67","99","OK"
"8jj1s","1","1","1","1","OK"
"8jj35","1","1","1","1","OK"
"8jj3f","1","1","2","3","OK"
"8jj6m","4","5","14","21","OK"
"8jj7t","92","361","5985","7227","OK"
"8jj80","1","1","1","1","OK"
"8jj96","1","1","1","1","OK"
"8jj9d","2","2","4","4","OK"
"8jjao","3","7","28","40","Observation"
"8jjap","7","18","147","278","OK"
"8jjc5","16","40","726","1338","OK"
"8jjds","3","5","19","21","OK"
"8jjhc","1","1","1","1","OK"
"8jjji","108","310","2478","4443","OK"
"8jjo9","4","7","31","58","OK"
"8jjph","1","1","1","1","OK"
"8jjs6","8","14","176","324","Fraud"
"8jjsg","2","2","7","10","OK"
"8jjve","2","3","6","6","OK"
"8jjvh","3","3","3","3","OK"
"8jjxl","1","1","2","2","OK"
"8jk01","14","25","326","467","OK"
"8jk02","2","2","9","13","OK"
"8jk0d","2","4","28","42","Fraud"
"8jk15","23","88","474","610","OK"
"8jk1x","5","12","143","215","OK"
"8jk3i","3","9","47","76","OK"
"8jk4m","29","90","2394","4710","OK"
"8jk57","2","3","16","25","OK"
"8jk7c","1","1","1","1","OK"
"8jk8e","2","2","3","3","OK"
"8jk8g","458","697","10422","17258","OK"
"8jk8n","1","1","1","1","OK"
"8jka2","2","3","3","3","OK"
"8jkce","1","1","3","4","OK"
"8jkdf","3","5","38","63","OK"
"8jkdr","3","4","25","37","OK"
"8jkea","343","1088","10371","15158","OK"
"8jkec","3","7","69","105","OK"
"8jked","6","15","144","275","OK"
"8jkfd","4","9","120","216","OK"
"8jkff","2","2","16","24","OK"
"8jkh1","5","10","143","235","Observation"
"8jkhu","1","1","2","2","OK"
"8jkhv","1","1","1","1","OK"
"8jkij","14","41","907","1645","OK"
"8jkk9","1","1","1","1","OK"
"8jkmi","2","2","9","16","OK"
"8jkof","6","14","33","57","OK"
"8jkor","14","23","103","188","OK"
"8jkp0","12","45","714","1335","OK"
"8jkp1","22","71","1457","2353","OK"
"8jkqn","2","3","14","23","OK"
"8jkrj","3","3","9","18","OK"
"8jks4","2","4","5","8","OK"
"8jksm","3","3","11","17","OK"
"8jkt3","1","1","1","1","OK"
"8jktn","8","22","371","512","OK"
"8jku2","1","1","1","1","OK"
"8jkul","13","36","687","1197","OK"
"8jkv1","3","4","22","34","OK"
"8jkv9","2","3","8","8","OK"
"8jkve","6","14","133","226","OK"
"8jkwc","11","35","683","1217","OK"
"8jkwu","1","1","4","6","OK"
"8jky9","4","9","62","116","OK"
"8jl02","1","2","4","5","OK"
"8jl05","4","5","17","25","OK"
"8jl0l","17","47","857","1441","OK"
"8jl0o","1","1","1","1","OK"
"8jl1o","3","4","27","28","OK"
"8jl1u","2","5","26","32","OK"
"8jl23","2","2","2","2","OK"
"8jl39","1","1","1","1","OK"
"8jl3n","3","5","37","52","OK"
"8jl3y","2","4","29","44","Fraud"
"8jl43","3","3","7","8","OK"
"8jl4l","2","2","2","2","OK"
"8jl61","3","5","10","18","OK"
"8jl6e","23","34","410","528","OK"
"8jl7q","6","14","137","214","OK"
"8jla6","5","8","61","69","OK"
"8jlad","1","1","1","1","OK"
"8jlah","1","1","1","1","OK"
"8jlc5","3","4","16","22","OK"
"8jli0","13","35","750","1439","OK"
"8jlic","4","10","30","30","OK"
"8jlii","4","7","32","49","OK"
"8jlis","19","69","1504","1940","OK"
"8jljk","1","1","1","1","OK"
"8jljl","1","1","1","1","OK"
"8jljm","2","5","16","20","OK"
"8jljq","1","2","5","6","OK"
"8jljr","385","1620","28494","53499","OK"
"8jlju","3","6","12","14","OK"
"8jlk3","6","14","222","342","OK"
"8jlkt","3","4","6","9","OK"
"8jlms","2","3","8","15","OK"
"8jlmv","2","2","5","7","OK"
"8jlmz","1","1","1","1","OK"
"8jln6","2","5","18","26","OK"
"8jlnl","3","4","14","25","OK"
"8jlos","10","33","357","508","OK"
"8jlpw","20","70","1281","2544","OK"
"8jlpz","3","8","66","74","OK"
"8jlr2","1","1","2","2","OK"
"8jlru","1","2","2","2","OK"
"8jlt1","12","49","487","730","OK"
"8jlu6","5","12","146","242","Fraud"
"8jlus","4","9","113","190","OK"
"8jlyt","1","1","1","2","OK"
"8jlzr","5","9","113","165","OK"
"8jm0h","1","1","1","2","OK"
"8jm0y","1","1","1","1","OK"
"8jm18","1","2","4","5","OK"
"8jm4d","2","3","21","37","OK"
"8jm4h","50","193","4421","5323","OK"
"8jm4p","1","1","1","1","OK"
"8jm4v","4","8","46","81","OK"
"8jm5b","2","2","6","6","OK"
"8jm5w","8","18","338","634","OK"
"8jm90","6","16","158","231","OK"
"8jm9p","8","21","225","271","OK"
"8jmbn","1","1","1","1","OK"
"8jmch","6","13","130","212","OK"
"8kuma","1","1","1","1","OK"
"8kump","2","6","15","22","OK"
"8kumu","6","22","381","434","Fraud"
"8kun0","1","2","3","3","OK"
"8kun1","2","3","22","38","OK"
"8kun5","3","4","5","5","Fraud"
"8kuno","1","1","1","1","OK"
"8kunr","2","3","15","15","OK"
"8kunx","3","4","24","33","OK"
"8kuo4","1","1","1","1","OK"
"8kuo5","2","3","18","25","OK"
"8kuov","1","2","3","4","OK"
"8kuph","1","1","1","1","OK"
"8kupw","1","1","1","1","OK"
"8kupz","1","1","1","1","OK"
"8kuq2","1","1","2","2","OK"
"8kuqa","3","3","13","19","OK"
"8kuqd","4","6","14","14","OK"
"8kuql","1","2","3","3","OK"
"8kuro","2","3","3","3","OK"
"8kus3","4","6","64","87","OK"
"8kus9","4","8","87","153","OK"
"8kusa","6","16","178","323","OK"
"8kusb","15","58","679","878","OK"
"8kusi","1","1","1","1","OK"
"8kusr","2","2","5","5","OK"
"8kuti","1","1","1","1","OK"
"8kuto","39","161","447","447","OK"
"8kutv","1","1","1","2","OK"
"8kuuh","1","1","1","1","OK"
"8kuv3","1","1","1","1","OK"
"8kuv8","1","1","1","1","OK"
"8kuv9","5","9","101","152","Observation"
"8kuva","2","3","25","46","OK"
"8kuvb","15","46","657","1138","Fraud"
"8kuvj","4","6","23","37","OK"
"8kuvn","1","1","3","5","OK"
"8kuvt","109","487","9367","18292","OK"
"8kuvy","1","1","1","1","OK"
"8kux8","3","3","3","3","OK"
"8kuxa","34","121","3470","6748","Observation"
"8kuxc","1","1","1","1","OK"
"8kuxg","1","1","1","1","OK"
"8kuxh","1","1","5","5","OK"
"8kuxi","1","2","4","4","OK"
"8kuxj","3","5","12","12","OK"
"8kuxk","1","1","1","1","OK"
"8kuxp","1","1","1","2","OK"
"8kuy3","1","1","1","1","OK"
"8kuy4","1","1","1","1","OK"
"8kuy9","1","1","1","1","OK"
"8kuyg","6","12","168","258","OK"
"8kuyp","1","1","1","1","OK"
"8kuys","9","16","43","43","OK"
"8kuze","2","2","2","3","OK"
"8kuzg","4","8","10","12","OK"
"8kuzj","2","4","24","29","OK"
"8kuzl","1","1","7","10","OK"
"8kv08","26","104","1496","1496","OK"
"8kv0e","4","5","18","18","OK"
"8kv0o","1","2","3","3","OK"
"8kv0s","61","262","2277","2312","Observation"
"8kv3c","2","4","6","6","OK"
"8kv3v","16","43","89","97","Fraud"
"8kv42","1","1","2","2","OK"
"8kv4a","1","2","2","2","OK"
"8kv4d","1","1","1","1","OK"
"8kv4k","3","7","10","20","OK"
"8kv4v","3","4","29","52","OK"
"8kv4x","1","1","1","1","OK"
"8kv5a","1","1","1","1","OK"
"8kv5w","5","16","104","109","Fraud"
"8kv5y","1","1","1","1","OK"
"8kv6q","1","1","1","1","OK"
"8kv6v","3","6","39","62","Fraud"
"8kv6y","2","2","5","7","OK"
"8kv74","3","6","48","52","OK"
"8kv77","1","2","4","4","OK"
"8kv7n","3","7","65","104","Fraud"
"8kv7x","4","8","60","94","Fraud"
"8kv80","2","3","7","7","OK"
"8kv8i","1","1","1","2","OK"
"8kv8s","2","2","4","5","OK"
"8kv90","7","7","33","40","OK"
"8kv97","2","3","13","25","OK"
"8kv9a","2","2","8","8","OK"
"8kv9b","2","2","3","3","OK"
"8kvad","4","7","38","44","OK"
"8kvas","2","4","16","25","OK"
"8kvax","2","4","10","16","OK"
"8kvb3","1","1","1","1","OK"
"8kvbe","1","1","2","2","OK"
"8kvbi","2","2","2","2","OK"
"8kvc4","4","12","39","39","OK"
"8kvc7","3","3","11","11","OK"
"8kvc8","1","1","3","3","OK"
"8kvcs","1","1","1","1","OK"
"8kvct","1","1","1","1","OK"
"8kvdh","1","1","2","2","OK"
"8kve7","3","3","23","30","OK"
"8kvec","2","3","13","18","OK"
"8kven","2","2","5","8","OK"
"8kveo","3","5","13","21","OK"
"8kveq","1","2","5","6","OK"
"8kvey","1","1","2","2","OK"
"8kvfl","1","1","1","1","OK"
"8kvfn","1","2","2","2","OK"
"8kvfr","6","10","84","157","OK"
"8kvg3","1","1","1","1","OK"
"8kvgc","1","1","1","1","OK"
"8kvgp","1","1","1","1","OK"
"8kvgr","1","1","3","3","OK"
"8kvgs","1","2","4","4","OK"
"8kvh1","1","1","3","3","OK"
"8kvh9","2","2","3","3","OK"
"8kvhd","2","2","3","3","OK"
"8kvhi","7","22","265","341","OK"
"8kvhp","1","1","2","2","OK"
"8kvhz","1","1","1","1","OK"
"8kvie","1","1","1","1","OK"
"8kvil","1","1","1","2","OK"
"8kvim","3","8","56","94","OK"
"8kviw","3","5","45","75","OK"
"8kvj1","2","4","17","29","OK"
"8kvjl","1","1","1","1","OK"
"8kvkh","1","1","1","1","OK"
"8kvkj","1","3","4","4","OK"
"8kvkq","2","2","8","14","OK"
"8kvkw","3","6","33","47","OK"
"8kvl0","3","6","19","30","OK"
"8kvl1","4","9","33","40","OK"
"8kvl2","3","7","43","80","OK"
"8kvl6","4","12","42","61","OK"
"8kvl7","16","46","207","221","OK"
"8kvl8","1","1","1","1","OK"
"8kvlp","5","6","55","77","OK"
"8kvlq","1","2","4","4","OK"
"8kvm0","3","8","66","89","OK"
"8kvm1","3","7","85","123","OK"
"8kvm2","5","10","180","351","OK"
"8kvm6","3","5","64","98","OK"
"8kvm7","2","3","22","37","OK"
"8kvma","1","1","1","1","OK"
"8kvmd","1","1","1","1","OK"
"8kvmf","1","2","8","12","OK"
"8kvmo","3","7","10","19","OK"
"8kvmr","3","5","34","66","OK"
"8kvna","7","11","80","138","OK"
"8kvnb","3","5","51","87","Observation"
"8kvnu","1","1","3","3","OK"
"8kvo1","2","3","10","17","OK"
"8kvos","2","2","2","2","OK"
"8kvot","1","1","3","3","OK"
"8kvpb","1","2","6","10","OK"
"8kvpc","1","2","4","6","OK"
"8kvpe","1","2","4","5","OK"
"8kvpg","1","1","2","3","OK"
"8kvpr","1","1","1","1","OK"
"8kvpw","3","4","5","5","OK"
"8kvq0","2","4","7","9","OK"
"8kvqh","1","1","4","5","OK"
"8kvqm","1","2","10","13","OK"
"8kvqp","2","2","3","3","OK"
"8kvr5","1","1","1","1","OK"
"8kvr9","1","1","1","1","OK"
"8kvrh","1","1","1","1","OK"
"8kvrr","1","1","1","1","OK"
"8kvry","1","1","2","3","OK"
"8kvs0","2","6","12","18","OK"
"8kvs1","1","1","1","1","OK"
"8kvs9","1","1","2","2","OK"
"8kvsu","2","2","14","15","OK"
"8kvtr","1","1","1","1","OK"
"8kvtw","1","1","1","1","OK"
"8kvty","4","7","65","118","OK"
"8kvu3","1","1","1","1","OK"
"8kvu7","1","1","3","3","OK"
"8kvug","3","4","15","19","OK"
"8kvuh","1","2","5","5","OK"
"8kvv2","3","9","57","82","Observation"
"8kvv3","2","2","2","2","OK"
"8kvv4","3","4","37","69","OK"
"8kvv6","11","33","589","871","OK"
"8kvv7","3","5","39","64","OK"
"8kvv8","1","1","1","1","OK"
"8kvvd","10","33","209","388","OK"
"8kvvh","3","5","64","94","Observation"
"8kvxs","1","1","1","1","OK"
"8kvy3","1","1","1","2","OK"
"8kvyf","2","2","7","8","OK"
"8kvyo","4","6","42","73","OK"
"8kvyr","2","2","7","9","OK"
"8kvzp","1","1","1","1","OK"
"8kw03","1","1","1","1","OK"
"8kw0f","22","76","476","476","Observation"
"8kw0n","1","2","4","5","OK"
"8kw15","3","3","5","5","OK"
"8kw19","3","5","44","84","OK"
"8kw1q","2","2","8","9","OK"
"8kw28","1","1","1","2","OK"
"8kw2n","1","1","1","1","OK"
"8kw39","1","1","1","1","OK"
"8kw3g","6","20","218","273","OK"
"8kw4u","1","1","1","2","OK"
"8kw4v","6","18","328","541","Fraud"
"8kw4x","1","1","3","4","OK"
"8kw4z","3","7","27","41","OK"
"8kw53","1","2","4","4","OK"
"8kw5p","1","1","1","2","OK"
"8kw5u","4","14","110","110","Fraud"
"8kw6d","1","2","2","2","OK"
"8kw70","1","1","1","1","OK"
"8kwzo","2","3","14","23","OK"
"8kwzv","2","4","13","16","OK"
"8kwzx","20","84","135","135","Fraud"
"8kwzy","4","12","31","31","OK"
"8kx0a","1","1","1","1","OK"
"8kx0h","1","3","4","5","OK"
"8kx0o","3","8","44","71","OK"
"8kx0y","14","35","43","43","OK"
"8kx17","1","1","3","3","OK"
"8kx19","1","2","5","6","OK"
"8kx1q","1","1","1","1","OK"
"8kx1z","1","1","1","1","Observation"
"8kx21","1","1","1","1","OK"
"8kx25","6","8","19","19","OK"
"8kx29","1","1","1","1","OK"
"8kx2a","1","1","1","1","OK"
"8kx2d","2","6","70","97","Fraud"
"8kx2g","1","1","1","1","OK"
"8kx2r","1","1","3","3","OK"
"8kx2u","3","5","46","88","Fraud"
"8kx2w","5","10","49","49","OK"
"8kx31","20","73","845","1218","OK"
"8kx33","2","2","3","3","OK"
"8kx37","2","3","10","19","OK"
"8kx3a","1","2","18","18","OK"
"8kx3b","1","1","3","3","OK"
"8kx3c","4","9","44","44","OK"
"8kx3f","3","5","30","35","OK"
"8kx3i","3","4","7","14","OK"
"8kx3q","3","4","31","53","OK"
"8kx3r","1","1","1","2","OK"
"8kx47","2","6","6","6","OK"
"8kx4j","1","2","2","2","OK"
"8kx5a","24","46","232","233","OK"
"8kx5c","2","2","11","15","OK"
"8kx5g","1","2","10","18","OK"
"8kx5q","1","1","1","1","Observation"
"8kx6b","1","1","1","1","Observation"
"8kx86","2","2","2","2","Observation"
"8kxdu","2","2","4","6","OK"
"8kxe3","1","1","2","2","OK"
"8kxee","5","10","155","275","OK"
"8kxef","1","1","1","1","OK"
"8kxel","4","9","10","10","Fraud"
"8kxem","5","11","11","11","Fraud"
"8kxep","7","16","19","19","OK"
"8kxer","3","4","15","20","OK"
"8kxev","1","1","1","1","OK"
"8kxew","1","1","1","1","OK"
"8kxez","1","1","1","1","OK"
"8kxf2","41","159","443","443","OK"
"8kxf4","1","2","9","12","OK"
"8kxfb","3","4","37","51","OK"
"8kxfu","1","1","1","1","OK"
"8kxgk","1","2","3","3","OK"
"8kxgm","3","7","11","20","OK"
"8kxgs","9","25","163","182","Fraud"
"8kxgt","5","10","47","89","OK"
"8kxgu","4","7","70","128","OK"
"8kxgv","14","21","246","274","Fraud"
"8kxgy","1","1","4","4","OK"
"8kxhd","1","1","1","1","OK"
"8kxhn","1","2","4","6","OK"
"8kxhp","1","1","1","1","OK"
"8kxhq","19","76","1866","1913","OK"
"8kxij","17","73","1463","1490","Fraud"
"8kxik","2","2","3","3","OK"
"8kxim","1","1","1","1","OK"
"8kxj4","1","1","2","2","OK"
"8kxj8","9","18","45","45","OK"
"8kxjw","5","10","41","65","OK"
"8kxjy","3","8","24","28","OK"
"8kxkx","10","33","114","169","Observation"
"8kxl2","1","1","1","1","OK"
"8kxl3","23","70","1015","1015","Fraud"
"8kxla","3","4","9","17","OK"
"8kxlk","4","7","79","144","OK"
"8kxll","30","55","617","637","OK"
"8kxlo","1","3","5","7","OK"
"8kxlp","7","19","81","133","OK"
"8kxlq","2","2","14","17","OK"
"8kxlr","6","15","149","264","OK"
"8kxlt","4","9","33","58","OK"
"8kxlv","7","24","49","89","Fraud"
"8kxly","12","43","119","231","Fraud"
"8kxm0","4","10","12","20","OK"
"8kxm9","6","10","27","37","OK"
"8kxmh","7","15","80","102","Fraud"
"8kxml","4","7","13","20","OK"
"8kxmm","1","1","1","1","OK"
"8kxmo","1","2","3","3","OK"
"8kxn2","1","1","1","1","OK"
"8kxn5","2","5","8","8","OK"
"8kxnk","4","4","4","4","OK"
"8kxnl","18","67","1354","1354","OK"
"8kxnm","30","43","270","475","Fraud"
"8kxnn","15","44","96","104","Observation"
"8kxnw","2","3","16","18","OK"
"8kxo5","1","1","1","1","OK"
"8kxoj","3","5","37","68","Observation"
"8kxom","3","5","23","34","OK"
"8kxor","1","1","6","7","OK"
"8kxos","1","1","1","1","OK"
"8kxox","1","1","4","4","OK"
"8kxoy","4","4","31","40","Fraud"
"8kxp5","1","1","1","1","OK"
"8kxpa","1","1","1","1","OK"
"8kxpd","1","1","3","6","OK"
"8kxpq","2","6","13","13","OK"
"8kxpv","10","30","124","124","OK"
"8kxq6","6","13","220","404","OK"
"8kxqd","5","6","28","28","OK"
"8kxqf","1","1","1","1","OK"
"8kxqj","2","5","20","23","OK"
"8kxqk","12","23","144","279","Observation"
"8kxqm","5","10","25","31","OK"
"8kxqw","2","5","15","18","OK"
"8kxr9","4","11","99","190","Observation"
"8kxrb","2","6","47","47","Observation"
"8kxrc","2","5","36","46","OK"
"8kxre","7","14","110","199","Observation"
"8kxri","1","2","8","9","OK"
"8kxrj","1","2","5","8","OK"
"8kxrs","1","3","14","20","OK"
"8kxtp","1","1","5","6","OK"
"8kxvk","3","5","39","58","OK"
"8kxxf","2","2","8","11","OK"
"8kxzn","1","1","1","2","OK"
"8kxzu","4","7","39","69","OK"
"8ky0g","1","1","1","1","OK"
"8ky0o","1","1","2","3","OK"
"8ky15","2","2","4","7","OK"
"8ky18","1","1","1","1","OK"
"8ky1v","1","1","2","2","OK"
"8ky22","2","2","5","7","OK"
"8ky2b","1","1","2","2","OK"
"8ky2f","1","1","1","1","OK"
"8ky2l","1","1","1","1","OK"
"8ky2n","1","1","1","1","OK"
"8ky46","5","6","26","42","OK"
"8ky4j","2","4","5","7","OK"
"8ky4k","2","2","7","10","OK"
"8ky4n","2","2","2","4","OK"
"8ky4r","1","1","1","1","OK"
"8ky4x","1","1","1","1","OK"
"8ky50","1","1","1","1","OK"
"8ky5c","1","2","6","6","OK"
"8ky5s","1","1","1","1","OK"
"8ky6d","1","1","2","2","OK"
"8ky6h","5","8","93","170","Fraud"
"8ky6n","7","7","85","170","Fraud"
"8ky6u","2","3","12","12","OK"
"8ky6v","2","5","25","29","OK"
"8ky77","1","2","2","2","OK"
"8ky8n","1","1","2","2","OK"
"8ky8r","1","1","1","2","OK"
"8ky93","1","1","2","3","OK"
"8ky9n","1","1","1","1","OK"
"8kyao","1","1","2","2","OK"
"8kyb9","1","1","1","2","OK"
"8kybc","1","1","1","1","OK"
"8kybl","10","23","494","844","OK"
"8kybu","1","1","1","1","OK"
"8kyc0","2","2","2","2","OK"
"8kycf","1","1","1","1","OK"
"8kycw","2","3","15","22","OK"
"8kydv","4","6","50","97","Fraud"
"8kygk","2","2","7","7","OK"
"8kygl","2","3","3","3","OK"
"8kygo","1","1","1","1","OK"
"8kygq","3","4","30","39","OK"
"8kygz","1","1","1","1","OK"
"8kyhj","1","1","1","1","OK"
"8kyiq","2","2","2","3","OK"
"8kyjt","1","1","3","3","OK"
"8kyk5","2","3","11","18","OK"
"8kyka","1","1","1","1","OK"
"8kyl4","2","2","12","14","OK"
"8kyl5","4","6","34","34","OK"
"8kyld","1","2","9","13","OK"
"8kymr","1","1","2","2","OK"
"8kynd","2","2","3","3","OK"
"8kynk","1","1","2","2","OK"
"8kyov","6","13","169","263","Fraud"
"8kyow","2","3","3","3","OK"
"8kyoy","1","1","1","1","OK"
"8kyp1","1","4","17","24","OK"
"8kyp7","1","1","2","2","OK"
"8kyp8","1","1","3","4","OK"
"8kypd","3","3","14","16","OK"
"8kypr","2","2","5","6","OK"
"8kyqu","1","1","1","1","OK"
"8kyre","1","1","1","1","OK"
"8kysj","1","1","2","2","OK"
"8kyss","1","1","1","1","OK"
"8kytg","1","1","1","1","OK"
"8kyu8","1","1","3","3","OK"
"8kyvb","8","23","336","601","OK"
"8kyvg","1","1","1","1","OK"
"8kyvt","1","1","2","2","OK"
"8kyvw","2","2","4","5","OK"
"8kyw0","1","1","1","2","OK"
"8kyw6","2","4","8","9","OK"
"8kywb","3","4","17","18","OK"
"8kywm","1","1","1","1","OK"
"8kywq","1","1","1","1","OK"
"8kywy","4","4","14","17","OK"
"8kyxs","1","1","1","1","OK"
"8kyxz","1","1","1","1","OK"
"8kyyv","1","1","2","3","OK"
"8kyz1","1","1","2","3","OK"
"8kyzp","193","818","7782","14282","OK"
"8kz2d","2","2","4","4","OK"
"8kz2e","1","1","1","1","OK"
"8kz2y","1","1","1","1","OK"
"8kz4p","1","1","1","1","OK"
"8kz5j","1","2","3","3","OK"
"8kz64","3","4","12","14","OK"
"8kz6l","1","1","1","1","OK"
"8kz6p","5","8","79","125","Fraud"
"8kz6r","1","1","1","1","OK"
"8kz74","1","1","1","1","OK"
"8kz7h","1","1","2","2","OK"
"8kz7i","1","1","1","1","OK"
"8kz7z","1","2","5","6","OK"
"8kz81","2","2","4","5","OK"
"8kz84","2","4","26","44","OK"
"8kz8a","2","2","5","6","OK"
"8kz9c","1","2","3","3","OK"
"8kz9e","1","2","2","2","OK"
"8kz9f","5","14","234","381","OK"
"8kz9k","1","1","1","1","OK"
"8kz9x","1","1","1","1","OK"
"8kzaf","1","1","1","1","OK"
"8kzbb","87","286","1702","2726","OK"
"8kzbg","4","5","6","6","OK"
"8kzd5","1","1","2","2","OK"
"8kzds","1","1","2","4","OK"
"8kzen","2","2","3","5","OK"
"8kzep","2","4","8","10","OK"
"8kzer","2","2","4","4","OK"
"8kzes","1","1","1","1","OK"
"8kzf2","1","1","1","1","OK"
"8kzf5","1","1","1","1","OK"
"8kzfo","2","3","12","12","OK"
"8kzgc","1","1","1","1","OK"
"8kzgf","1","1","1","2","OK"
"8kzhr","1","1","2","2","OK"
"8kzhu","1","1","1","1","OK"
"8kzhz","1","1","3","4","OK"
"8kzi1","1","1","1","1","OK"
"8kzi5","1","1","1","1","OK"
"8kzjk","4","5","30","43","Fraud"
"8kzjq","1","2","6","9","OK"
"8kzjy","1","1","2","2","OK"
"8kzkc","1","2","2","2","OK"
"8kzkl","2","3","8","11","OK"
"8kzkp","1","1","2","2","OK"
"8kzkq","1","1","1","1","OK"
"8kzl3","1","2","2","2","OK"
"8kzl6","1","1","2","2","OK"
"8kzlb","1","1","1","1","OK"
"8kzll","2","3","13","13","OK"
"8kzlm","1","1","1","1","OK"
"8kzm1","3","5","50","86","Fraud"
"8kzmh","1","1","1","1","OK"
"8kzmx","1","1","1","1","OK"
"8kzmy","1","2","8","11","OK"
"8kzna","7","16","268","445","OK"
"8kznn","4","8","76","148","OK"
"8kznw","2","2","15","18","OK"
"8kzo4","1","1","2","2","OK"
"8kzom","1","1","1","1","OK"
"8kzpi","1","1","2","2","OK"
"8kzq3","1","1","2","2","OK"
"8kzqd","4","5","43","66","OK"
"8kzqe","1","1","2","2","OK"
"8kzqo","1","2","2","2","OK"
"8kzr4","2","3","9","12","OK"
"8kzr5","2","5","9","15","OK"
"8kzr6","2","4","16","19","OK"
"8kzr7","2","3","16","24","OK"
"8kzr9","1","2","8","13","OK"
"8kzss","2","3","9","12","OK"
"8kzst","2","3","13","20","OK"
"8kzsu","1","2","8","12","OK"
"8kzt1","7","21","417","589","OK"
"8kztj","1","1","1","1","OK"
"8kztp","1","1","1","1","OK"
"8kztq","2","4","17","22","OK"
"8kzu3","1","1","1","2","OK"
"8kzuk","2","2","6","12","OK"
"8kzv1","2","4","22","34","OK"
"8kzvn","8","23","420","773","OK"
"8kzw1","2","2","4","7","OK"
"8kzwc","1","1","3","3","OK"
"8kzwu","5","5","70","95","OK"
"8kzx6","2","2","4","5","OK"
"8kzxc","2","2","14","15","OK"
"8kzxk","2","3","12","18","OK"
"8kzxo","2","4","5","5","OK"
"8kzxz","22","68","846","846","OK"
"8kzy2","1","2","3","3","OK"
"8kzy5","10","20","154","223","OK"
"8kzyi","6","12","157","273","Observation"
"8kzyz","1","2","3","3","OK"
"8l004","1","1","1","1","OK"
"8l00g","10","25","449","797","OK"
"8l00h","3","6","39","64","Fraud"
"8l00x","1","1","1","1","OK"
"8l014","2","2","2","3","OK"
"8l01a","1","1","4","4","OK"
"8l01b","1","1","1","1","OK"
"8l01g","2","2","9","14","OK"
"8l01w","1","1","1","1","OK"
"8l01y","2","2","7","8","OK"
"8l029","2","3","3","3","OK"
"8l02e","1","1","1","1","OK"
"8l02g","1","1","1","2","OK"
"8l02m","1","1","2","2","OK"
"8l02n","1","1","1","1","OK"
"8l02t","2","2","4","5","OK"
"8l02x","3","4","13","25","OK"
"8l03g","1","1","1","1","OK"
"8l03j","2","2","7","11","OK"
"8l046","1","1","1","1","OK"
"8l04m","1","2","5","9","OK"
"8l04x","3","6","44","44","OK"
"8l04z","3","5","30","40","OK"
"8l050","3","7","40","40","OK"
"8l051","3","6","45","45","OK"
"8l052","4","6","39","39","OK"
"8l053","3","6","43","43","OK"
"8l05k","2","4","4","4","OK"
"8l05l","3","6","40","64","OK"
"8l05z","1","1","1","2","OK"
"8l061","2","2","8","10","OK"
"8l063","1","1","4","5","OK"
"8l06b","1","1","1","1","OK"
"8l071","3","5","21","37","OK"
"8l07i","2","4","30","49","OK"
"8l07n","2","2","2","2","OK"
"8l07q","1","1","1","1","OK"
"8l07t","1","1","1","1","OK"
"8l08l","1","1","1","1","OK"
"8l09b","5","8","21","33","OK"
"8l0a0","2","2","6","8","OK"
"8l0aq","2","2","3","3","OK"
"8l0b4","3","4","26","36","OK"
"8l0bl","5","10","105","142","Observation"
"8l0bm","1","1","4","7","OK"
"8l0c2","1","2","5","5","OK"
"8l0ca","3","5","36","55","OK"
"8l0cx","6","7","23","24","OK"
"8l0e4","2","2","14","26","OK"
"8l0f6","1","2","4","6","OK"
"8l0fs","1","1","1","1","OK"
"8l0fv","2","2","2","2","OK"
"8l0fx","1","1","1","1","OK"
"8l0gr","2","4","11","12","OK"
"8l0ho","1","2","4","4","OK"
"8l0i4","1","1","1","1","OK"
"8l0io","2","2","11","13","OK"
"8l0iu","1","3","7","11","OK"
"8l0iv","2","2","12","16","OK"
"8l0j8","1","1","1","1","OK"
"8l0jf","2","2","7","12","OK"
"8l0k0","1","1","1","1","OK"
"8l0k9","1","1","1","1","OK"
"8l0l8","1","1","1","1","OK"
"8l0lh","2","2","5","6","OK"
"8l0lm","1","1","1","1","OK"
"8l0lv","2","3","3","3","OK"
"8l0m2","2","2","2","2","OK"
"8l0m9","2","2","8","8","OK"
"8l0mw","1","1","2","2","OK"
"8l0n5","1","1","2","2","OK"
"8l0ng","1","1","2","4","OK"
"8l0nw","1","1","3","3","OK"
"8l0p1","2","4","8","11","OK"
"8l0p8","1","1","1","2","OK"
"8l0q6","10","30","511","637","Fraud"
"8l0r9","2","2","5","5","OK"
"8l0rb","13","36","69","77","Fraud"
"8l0rp","3","6","23","27","OK"
"8l0rq","5","12","141","198","OK"
"8l0rr","3","3","11","16","OK"
"8l0sm","7","18","343","600","OK"
"8l0sw","1","1","2","3","OK"
"8l0t1","2","2","6","6","OK"
"8l0t3","1","1","1","1","OK"
"8l0t6","1","1","2","2","OK"
"8l0td","1","1","1","1","OK"
"8l0ty","1","1","1","2","OK"
"8l0u5","1","1","2","2","OK"
"8l0uu","5","5","14","15","OK"
"8l0v8","8","18","298","370","Observation"
"8l0v9","12","44","996","1844","OK"
"8l0w0","1","1","1","1","OK"
"8l0wx","2","4","39","54","OK"
"8l0wz","2","2","3","3","OK"
"8l0x3","6","7","38","72","OK"
"8l0x4","1","2","2","3","OK"
"8l0x9","1","1","1","1","OK"
